t_s,phase,frame,adapt_on,drift,drift_frac,err_masked_deg,err_leg_deg,err_all_deg,act_dev_max,dev_clamped,loop_ms
0.0000,ramp,0,0,0.000000,0.000000,nan,nan,nan,0.0000,0,0.00
0.0207,ramp,0,0,0.000000,0.000000,nan,nan,nan,0.0000,0,11.62
0.0410,ramp,0,0,0.000000,0.000000,nan,nan,nan,0.0000,0,9.07
0.0608,ramp,0,0,0.000000,0.000000,nan,nan,nan,0.0000,0,9.82
0.0808,ramp,0,0,0.000000,0.000000,nan,nan,nan,0.0000,0,8.85
0.1008,ramp,0,0,0.000000,0.000000,nan,nan,nan,0.0000,0,9.02
0.1201,ramp,0,0,0.000000,0.000000,nan,nan,nan,0.0000,0,10.36
0.1405,ramp,0,0,0.000000,0.000000,nan,nan,nan,0.0000,0,9.76
0.1605,ramp,0,0,0.000000,0.000000,nan,nan,nan,0.0000,0,10.36
0.1808,ramp,0,0,0.000000,0.000000,nan,nan,nan,0.0000,0,9.07
0.2010,ramp,0,0,0.000000,0.000000,nan,nan,nan,0.0000,0,8.88
0.2206,ramp,0,0,0.000000,0.000000,nan,nan,nan,0.0000,0,9.84
0.2419,ramp,0,0,0.000000,0.000000,nan,nan,nan,0.0000,0,9.31
0.2609,ramp,0,0,0.000000,0.000000,nan,nan,nan,0.0000,0,11.72
0.2806,ramp,0,0,0.000000,0.000000,nan,nan,nan,0.0000,0,8.69
0.3007,ramp,0,0,0.000000,0.000000,nan,nan,nan,0.0000,0,9.00
0.3209,ramp,0,0,0.000000,0.000000,nan,nan,nan,0.0000,0,10.05
0.3408,ramp,0,0,0.000000,0.000000,nan,nan,nan,0.0000,0,2.64
0.3607,ramp,0,0,0.000000,0.000000,nan,nan,nan,0.0000,0,10.02
0.3830,ramp,0,0,0.000000,0.000000,nan,nan,nan,0.0000,0,11.82
0.4007,ramp,0,0,0.000000,0.000000,nan,nan,nan,0.0000,0,10.09
0.4207,ramp,0,0,0.000000,0.000000,nan,nan,nan,0.0000,0,10.20
0.4410,ramp,0,0,0.000000,0.000000,nan,nan,nan,0.0000,0,10.27
0.4606,ramp,0,0,0.000000,0.000000,nan,nan,nan,0.0000,0,9.81
0.4808,ramp,0,0,0.000000,0.000000,nan,nan,nan,0.0000,0,8.99
0.5008,ramp,0,0,0.000000,0.000000,nan,nan,nan,0.0000,0,9.04
0.5209,ramp,0,0,0.000000,0.000000,nan,nan,nan,0.0000,0,10.00
0.5409,ramp,0,0,0.000000,0.000000,nan,nan,nan,0.0000,0,8.99
0.5609,ramp,0,0,0.000000,0.000000,nan,nan,nan,0.0000,0,9.81
0.5809,ramp,0,0,0.000000,0.000000,nan,nan,nan,0.0000,0,8.70
0.6007,ramp,0,0,0.000000,0.000000,nan,nan,nan,0.0000,0,7.89
0.6210,ramp,0,0,0.000000,0.000000,nan,nan,nan,0.0000,0,10.18
0.6409,ramp,0,0,0.000000,0.000000,nan,nan,nan,0.0000,0,2.71
0.6605,ramp,0,0,0.000000,0.000000,nan,nan,nan,0.0000,0,10.07
0.6803,ramp,0,0,0.000000,0.000000,nan,nan,nan,0.0000,0,9.21
0.7006,ramp,0,0,0.000000,0.000000,nan,nan,nan,0.0000,0,8.39
0.7209,ramp,0,0,0.000000,0.000000,nan,nan,nan,0.0000,0,9.22
0.7407,ramp,0,0,0.000000,0.000000,nan,nan,nan,0.0000,0,8.78
0.7602,ramp,0,0,0.000000,0.000000,nan,nan,nan,0.0000,0,10.16
0.7810,ramp,0,0,0.000000,0.000000,nan,nan,nan,0.0000,0,8.51
0.8009,ramp,0,0,0.000000,0.000000,nan,nan,nan,0.0000,0,9.70
0.8206,ramp,0,0,0.000000,0.000000,nan,nan,nan,0.0000,0,10.07
0.8410,ramp,0,0,0.000000,0.000000,nan,nan,nan,0.0000,0,10.33
0.8607,ramp,0,0,0.000000,0.000000,nan,nan,nan,0.0000,0,9.77
0.8808,ramp,0,0,0.000000,0.000000,nan,nan,nan,0.0000,0,9.08
0.9006,ramp,0,0,0.000000,0.000000,nan,nan,nan,0.0000,0,8.87
0.9205,ramp,0,0,0.000000,0.000000,nan,nan,nan,0.0000,0,8.83
0.9425,ramp,0,0,0.000000,0.000000,nan,nan,nan,0.0000,0,8.79
0.9607,ramp,0,0,0.000000,0.000000,nan,nan,nan,0.0000,0,9.16
0.9809,ramp,0,0,0.000000,0.000000,nan,nan,nan,0.0000,0,8.81
1.0005,ramp,0,0,0.000000,0.000000,nan,nan,nan,0.0000,0,7.95
1.0207,ramp,0,0,0.000000,0.000000,nan,nan,nan,0.0000,0,9.00
1.0404,ramp,0,0,0.000000,0.000000,nan,nan,nan,0.0000,0,10.19
1.0607,ramp,0,0,0.000000,0.000000,nan,nan,nan,0.0000,0,9.23
1.0807,ramp,0,0,0.000000,0.000000,nan,nan,nan,0.0000,0,8.00
1.1008,ramp,0,0,0.000000,0.000000,nan,nan,nan,0.0000,0,8.18
1.1208,ramp,0,0,0.000000,0.000000,nan,nan,nan,0.0000,0,8.93
1.1408,ramp,0,0,0.000000,0.000000,nan,nan,nan,0.0000,0,11.69
1.1608,ramp,0,0,0.000000,0.000000,nan,nan,nan,0.0000,0,9.97
1.1807,ramp,0,0,0.000000,0.000000,nan,nan,nan,0.0000,0,8.76
1.2008,ramp,0,0,0.000000,0.000000,nan,nan,nan,0.0000,0,7.96
1.2210,ramp,0,0,0.000000,0.000000,nan,nan,nan,0.0000,0,9.86
1.2464,ramp,0,0,0.000000,0.000000,nan,nan,nan,0.0000,0,3.46
1.2607,ramp,0,0,0.000000,0.000000,nan,nan,nan,0.0000,0,9.11
1.2807,ramp,0,0,0.000000,0.000000,nan,nan,nan,0.0000,0,8.65
1.3008,ramp,0,0,0.000000,0.000000,nan,nan,nan,0.0000,0,9.07
1.3208,ramp,0,0,0.000000,0.000000,nan,nan,nan,0.0000,0,8.99
1.3409,ramp,0,0,0.000000,0.000000,nan,nan,nan,0.0000,0,8.62
1.3606,ramp,0,0,0.000000,0.000000,nan,nan,nan,0.0000,0,8.84
1.3809,ramp,0,0,0.000000,0.000000,nan,nan,nan,0.0000,0,9.06
1.4007,ramp,0,0,0.000000,0.000000,nan,nan,nan,0.0000,0,8.54
1.4209,ramp,0,0,0.000000,0.000000,nan,nan,nan,0.0000,0,8.11
1.4408,ramp,0,0,0.000000,0.000000,nan,nan,nan,0.0000,0,8.56
1.4607,ramp,0,0,0.000000,0.000000,nan,nan,nan,0.0000,0,8.86
1.4808,ramp,0,0,0.000000,0.000000,nan,nan,nan,0.0000,0,8.91
1.5006,ramp,0,0,0.000000,0.000000,nan,nan,nan,0.0000,0,3.48
1.5210,ramp,0,0,0.000000,0.000000,nan,nan,nan,0.0000,0,9.05
1.5407,ramp,0,0,0.000000,0.000000,nan,nan,nan,0.0000,0,2.17
1.5606,ramp,0,0,0.000000,0.000000,nan,nan,nan,0.0000,0,9.05
1.5809,ramp,0,0,0.000000,0.000000,nan,nan,nan,0.0000,0,8.19
1.6007,ramp,0,0,0.000000,0.000000,nan,nan,nan,0.0000,0,7.83
1.6205,ramp,0,0,0.000000,0.000000,nan,nan,nan,0.0000,0,7.10
1.6414,ramp,0,0,0.000000,0.000000,nan,nan,nan,0.0000,0,9.48
1.6605,ramp,0,0,0.000000,0.000000,nan,nan,nan,0.0000,0,9.26
1.6808,ramp,0,0,0.000000,0.000000,nan,nan,nan,0.0000,0,9.03
1.7009,ramp,0,0,0.000000,0.000000,nan,nan,nan,0.0000,0,8.83
1.7202,ramp,0,0,0.000000,0.000000,nan,nan,nan,0.0000,0,9.81
1.7405,ramp,0,0,0.000000,0.000000,nan,nan,nan,0.0000,0,10.58
1.7607,ramp,0,0,0.000000,0.000000,nan,nan,nan,0.0000,0,10.24
1.7808,ramp,0,0,0.000000,0.000000,nan,nan,nan,0.0000,0,8.93
1.8007,ramp,0,0,0.000000,0.000000,nan,nan,nan,0.0000,0,7.97
1.8202,ramp,0,0,0.000000,0.000000,nan,nan,nan,0.0000,0,9.91
1.8406,ramp,0,0,0.000000,0.000000,nan,nan,nan,0.0000,0,8.42
1.8606,ramp,0,0,0.000000,0.000000,nan,nan,nan,0.0000,0,10.18
1.8808,ramp,0,0,0.000000,0.000000,nan,nan,nan,0.0000,0,8.93
1.9007,ramp,0,0,0.000000,0.000000,nan,nan,nan,0.0000,0,8.82
1.9207,ramp,0,0,0.000000,0.000000,nan,nan,nan,0.0000,0,5.66
1.9447,ramp,0,0,0.000000,0.000000,nan,nan,nan,0.0000,0,4.59
1.9605,ramp,0,0,0.000000,0.000000,nan,nan,nan,0.0000,0,9.13
1.9810,ramp,0,0,0.000000,0.000000,nan,nan,nan,0.0000,0,8.85
2.0007,ramp,0,0,0.000000,0.000000,nan,nan,nan,0.0000,0,7.77
2.0209,ramp,0,0,0.000000,0.000000,nan,nan,nan,0.0000,0,12.20
2.0408,ramp,0,0,0.000000,0.000000,nan,nan,nan,0.0000,0,9.91
2.0606,ramp,0,0,0.000000,0.000000,nan,nan,nan,0.0000,0,13.78
2.0808,ramp,0,0,0.000000,0.000000,nan,nan,nan,0.0000,0,9.16
2.1007,ramp,0,0,0.000000,0.000000,nan,nan,nan,0.0000,0,11.23
2.1208,ramp,0,0,0.000000,0.000000,nan,nan,nan,0.0000,0,12.85
2.1409,ramp,0,0,0.000000,0.000000,nan,nan,nan,0.0000,0,11.34
2.1601,ramp,0,0,0.000000,0.000000,nan,nan,nan,0.0000,0,9.85
2.1809,ramp,0,0,0.000000,0.000000,nan,nan,nan,0.0000,0,8.74
2.2005,ramp,0,0,0.000000,0.000000,nan,nan,nan,0.0000,0,8.70
2.2207,ramp,0,0,0.000000,0.000000,nan,nan,nan,0.0000,0,10.92
2.2404,ramp,0,0,0.000000,0.000000,nan,nan,nan,0.0000,0,10.27
2.2605,ramp,0,0,0.000000,0.000000,nan,nan,nan,0.0000,0,2.41
2.2807,ramp,0,0,0.000000,0.000000,nan,nan,nan,0.0000,0,8.98
2.3007,ramp,0,0,0.000000,0.000000,nan,nan,nan,0.0000,0,8.00
2.3205,ramp,0,0,0.000000,0.000000,nan,nan,nan,0.0000,0,7.48
2.3408,ramp,0,0,0.000000,0.000000,nan,nan,nan,0.0000,0,2.58
2.3609,ramp,0,0,0.000000,0.000000,nan,nan,nan,0.0000,0,9.97
2.3807,ramp,0,0,0.000000,0.000000,nan,nan,nan,0.0000,0,8.95
2.4006,ramp,0,0,0.000000,0.000000,nan,nan,nan,0.0000,0,8.98
2.4208,ramp,0,0,0.000000,0.000000,nan,nan,nan,0.0000,0,8.91
2.4408,ramp,0,0,0.000000,0.000000,nan,nan,nan,0.0000,0,10.05
2.4605,ramp,0,0,0.000000,0.000000,nan,nan,nan,0.0000,0,8.55
2.4810,ramp,0,0,0.000000,0.000000,nan,nan,nan,0.0000,0,8.96
2.5007,ramp,0,0,0.000000,0.000000,nan,nan,nan,0.0000,0,8.46
2.5208,ramp,0,0,0.000000,0.000000,nan,nan,nan,0.0000,0,10.11
2.5411,ramp,0,0,0.000000,0.000000,nan,nan,nan,0.0000,0,10.24
2.5606,ramp,0,0,0.000000,0.000000,nan,nan,nan,0.0000,0,9.48
2.5805,ramp,0,0,0.000000,0.000000,nan,nan,nan,0.0000,0,8.84
2.6003,ramp,0,0,0.000000,0.000000,nan,nan,nan,0.0000,0,8.02
2.6202,ramp,0,0,0.000000,0.000000,nan,nan,nan,0.0000,0,9.44
2.6407,ramp,0,0,0.000000,0.000000,nan,nan,nan,0.0000,0,2.63
2.6607,ramp,0,0,0.000000,0.000000,nan,nan,nan,0.0000,0,8.94
2.6812,ramp,0,0,0.000000,0.000000,nan,nan,nan,0.0000,0,8.76
2.7008,ramp,0,0,0.000000,0.000000,nan,nan,nan,0.0000,0,8.11
2.7207,ramp,0,0,0.000000,0.000000,nan,nan,nan,0.0000,0,10.94
2.7408,ramp,0,0,0.000000,0.000000,nan,nan,nan,0.0000,0,8.76
2.7605,ramp,0,0,0.000000,0.000000,nan,nan,nan,0.0000,0,8.86
2.7812,ramp,0,0,0.000000,0.000000,nan,nan,nan,0.0000,0,8.94
2.8006,ramp,0,0,0.000000,0.000000,nan,nan,nan,0.0000,0,9.63
2.8207,ramp,0,0,0.000000,0.000000,nan,nan,nan,0.0000,0,10.30
2.8408,ramp,0,0,0.000000,0.000000,nan,nan,nan,0.0000,0,9.84
2.8606,ramp,0,0,0.000000,0.000000,nan,nan,nan,0.0000,0,9.79
2.8810,ramp,0,0,0.000000,0.000000,nan,nan,nan,0.0000,0,8.93
2.9006,ramp,0,0,0.000000,0.000000,nan,nan,nan,0.0000,0,8.42
2.9207,ramp,0,0,0.000000,0.000000,nan,nan,nan,0.0000,0,11.07
2.9407,ramp,0,0,0.000000,0.000000,nan,nan,nan,0.0000,0,8.86
2.9607,ramp,0,0,0.000000,0.000000,nan,nan,nan,0.0000,0,8.94
2.9810,ramp,0,0,0.000000,0.000000,nan,nan,nan,0.0000,0,8.88
3.0007,ramp,0,0,0.000000,0.000000,nan,nan,nan,0.0000,0,8.29
3.0207,ramp,0,0,0.000000,0.000000,nan,nan,nan,0.0000,0,11.07
3.0407,ramp,0,0,0.000000,0.000000,nan,nan,nan,0.0000,0,10.04
3.0607,ramp,0,0,0.000000,0.000000,nan,nan,nan,0.0000,0,10.10
3.0807,ramp,0,0,0.000000,0.000000,nan,nan,nan,0.0000,0,8.76
3.1004,ramp,0,0,0.000000,0.000000,nan,nan,nan,0.0000,0,7.93
3.1202,ramp,0,0,0.000000,0.000000,nan,nan,nan,0.0000,0,10.24
3.1410,ramp,0,0,0.000000,0.000000,nan,nan,nan,0.0000,0,2.56
3.1604,ramp,0,0,0.000000,0.000000,nan,nan,nan,0.0000,0,7.95
3.1805,ramp,0,0,0.000000,0.000000,nan,nan,nan,0.0000,0,8.50
3.2006,ramp,0,0,0.000000,0.000000,nan,nan,nan,0.0000,0,8.87
3.2201,ramp,0,0,0.000000,0.000000,nan,nan,nan,0.0000,0,10.04
3.2408,ramp,0,0,0.000000,0.000000,nan,nan,nan,0.0000,0,10.90
3.2606,ramp,0,0,0.000000,0.000000,nan,nan,nan,0.0000,0,9.84
3.2805,ramp,0,0,0.000000,0.000000,nan,nan,nan,0.0000,0,8.95
3.3005,ramp,0,0,0.000000,0.000000,nan,nan,nan,0.0000,0,8.73
3.3208,ramp,0,0,0.000000,0.000000,nan,nan,nan,0.0000,0,10.14
3.3408,ramp,0,0,0.000000,0.000000,nan,nan,nan,0.0000,0,10.44
3.3606,ramp,0,0,0.000000,0.000000,nan,nan,nan,0.0000,0,10.03
3.3805,ramp,0,0,0.000000,0.000000,nan,nan,nan,0.0000,0,8.84
3.4005,ramp,0,0,0.000000,0.000000,nan,nan,nan,0.0000,0,9.14
3.4204,ramp,0,0,0.000000,0.000000,nan,nan,nan,0.0000,0,10.26
3.4412,ramp,0,0,0.000000,0.000000,nan,nan,nan,0.0000,0,10.12
3.4606,ramp,0,0,0.000000,0.000000,nan,nan,nan,0.0000,0,10.22
3.4806,ramp,0,0,0.000000,0.000000,nan,nan,nan,0.0000,0,8.89
3.5007,ramp,0,0,0.000000,0.000000,nan,nan,nan,0.0000,0,8.84
3.5207,ramp,0,0,0.000000,0.000000,nan,nan,nan,0.0000,0,2.34
3.5406,ramp,0,0,0.000000,0.000000,nan,nan,nan,0.0000,0,10.44
3.5607,ramp,0,0,0.000000,0.000000,nan,nan,nan,0.0000,0,6.10
3.5805,ramp,0,0,0.000000,0.000000,nan,nan,nan,0.0000,0,8.78
3.6005,ramp,0,0,0.000000,0.000000,nan,nan,nan,0.0000,0,9.16
3.6207,ramp,0,0,0.000000,0.000000,nan,nan,nan,0.0000,0,8.81
3.6425,ramp,0,0,0.000000,0.000000,nan,nan,nan,0.0000,0,2.39
3.6605,ramp,0,0,0.000000,0.000000,nan,nan,nan,0.0000,0,6.47
3.6808,ramp,0,0,0.000000,0.000000,nan,nan,nan,0.0000,0,10.24
3.7004,ramp,0,0,0.000000,0.000000,nan,nan,nan,0.0000,0,8.58
3.7206,ramp,0,0,0.000000,0.000000,nan,nan,nan,0.0000,0,8.89
3.7410,ramp,0,0,0.000000,0.000000,nan,nan,nan,0.0000,0,12.80
3.7603,ramp,0,0,0.000000,0.000000,nan,nan,nan,0.0000,0,8.65
3.7807,ramp,0,0,0.000000,0.000000,nan,nan,nan,0.0000,0,8.99
3.8005,ramp,0,0,0.000000,0.000000,nan,nan,nan,0.0000,0,8.74
3.8206,ramp,0,0,0.000000,0.000000,nan,nan,nan,0.0000,0,10.98
3.8412,ramp,0,0,0.000000,0.000000,nan,nan,nan,0.0000,0,10.39
3.8605,ramp,0,0,0.000000,0.000000,nan,nan,nan,0.0000,0,8.61
3.8806,ramp,0,0,0.000000,0.000000,nan,nan,nan,0.0000,0,9.19
3.9005,ramp,0,0,0.000000,0.000000,nan,nan,nan,0.0000,0,7.95
3.9208,ramp,0,0,0.000000,0.000000,nan,nan,nan,0.0000,0,8.42
3.9407,ramp,0,0,0.000000,0.000000,nan,nan,nan,0.0000,0,11.83
3.9604,ramp,0,0,0.000000,0.000000,nan,nan,nan,0.0000,0,9.97
3.9806,ramp,0,0,0.000000,0.000000,nan,nan,nan,0.0000,0,9.12
4.0004,ramp,0,0,0.000000,0.000000,nan,nan,nan,0.0000,0,10.04
4.0206,ramp,0,0,0.000000,0.000000,nan,nan,nan,0.0000,0,9.01
4.0410,ramp,0,0,0.000000,0.000000,nan,nan,nan,0.0000,0,9.89
4.0604,ramp,0,0,0.000000,0.000000,nan,nan,nan,0.0000,0,10.37
4.0805,ramp,0,0,0.000000,0.000000,nan,nan,nan,0.0000,0,9.18
4.1007,ramp,0,0,0.000000,0.000000,nan,nan,nan,0.0000,0,8.91
4.1205,ramp,0,0,0.000000,0.000000,nan,nan,nan,0.0000,0,8.71
4.1409,ramp,0,0,0.000000,0.000000,nan,nan,nan,0.0000,0,10.14
4.1604,ramp,0,0,0.000000,0.000000,nan,nan,nan,0.0000,0,9.83
4.1804,ramp,0,0,0.000000,0.000000,nan,nan,nan,0.0000,0,8.95
4.2006,ramp,0,0,0.000000,0.000000,nan,nan,nan,0.0000,0,8.97
4.2209,ramp,0,0,0.000000,0.000000,nan,nan,nan,0.0000,0,9.89
4.2405,ramp,0,0,0.000000,0.000000,nan,nan,nan,0.0000,0,9.85
4.2605,ramp,0,0,0.000000,0.000000,nan,nan,nan,0.0000,0,8.28
4.2807,ramp,0,0,0.000000,0.000000,nan,nan,nan,0.0000,0,9.05
4.3005,ramp,0,0,0.000000,0.000000,nan,nan,nan,0.0000,0,8.82
4.3209,ramp,0,0,0.000000,0.000000,nan,nan,nan,0.0000,0,9.11
4.3410,ramp,0,0,0.000000,0.000000,nan,nan,nan,0.0000,0,9.87
4.3603,ramp,0,0,0.000000,0.000000,nan,nan,nan,0.0000,0,9.29
4.3806,ramp,0,0,0.000000,0.000000,nan,nan,nan,0.0000,0,9.13
4.4006,ramp,0,0,0.000000,0.000000,nan,nan,nan,0.0000,0,8.73
4.4205,ramp,0,0,0.000000,0.000000,nan,nan,nan,0.0000,0,10.82
4.4406,ramp,0,0,0.000000,0.000000,nan,nan,nan,0.0000,0,10.38
4.4605,ramp,0,0,0.000000,0.000000,nan,nan,nan,0.0000,0,9.99
4.4804,ramp,0,0,0.000000,0.000000,nan,nan,nan,0.0000,0,9.12
4.5004,ramp,0,0,0.000000,0.000000,nan,nan,nan,0.0000,0,9.14
4.5206,ramp,0,0,0.000000,0.000000,nan,nan,nan,0.0000,0,8.89
4.5403,ramp,0,0,0.000000,0.000000,nan,nan,nan,0.0000,0,8.84
4.5605,ramp,0,0,0.000000,0.000000,nan,nan,nan,0.0000,0,9.04
4.5805,ramp,0,0,0.000000,0.000000,nan,nan,nan,0.0000,0,9.04
4.6004,ramp,0,0,0.000000,0.000000,nan,nan,nan,0.0000,0,8.95
4.6205,ramp,0,0,0.000000,0.000000,nan,nan,nan,0.0000,0,10.24
4.6406,ramp,0,0,0.000000,0.000000,nan,nan,nan,0.0000,0,2.10
4.6603,ramp,0,0,0.000000,0.000000,nan,nan,nan,0.0000,0,9.85
4.6806,ramp,0,0,0.000000,0.000000,nan,nan,nan,0.0000,0,9.07
4.7007,ramp,0,0,0.000000,0.000000,nan,nan,nan,0.0000,0,8.94
4.7204,ramp,0,0,0.000000,0.000000,nan,nan,nan,0.0000,0,9.73
4.7407,ramp,0,0,0.000000,0.000000,nan,nan,nan,0.0000,0,12.05
4.7606,ramp,0,0,0.000000,0.000000,nan,nan,nan,0.0000,0,9.84
4.7804,ramp,0,0,0.000000,0.000000,nan,nan,nan,0.0000,0,9.01
4.8004,ramp,0,0,0.000000,0.000000,nan,nan,nan,0.0000,0,9.12
4.8212,ramp,0,0,0.000000,0.000000,nan,nan,nan,0.0000,0,9.47
4.8417,ramp,0,0,0.000000,0.000000,nan,nan,nan,0.0000,0,9.47
4.8604,ramp,0,0,0.000000,0.000000,nan,nan,nan,0.0000,0,8.98
4.8813,ramp,0,0,0.000000,0.000000,nan,nan,nan,0.0000,0,8.84
4.9007,ramp,0,0,0.000000,0.000000,nan,nan,nan,0.0000,0,9.41
4.9205,ramp,0,0,0.000000,0.000000,nan,nan,nan,0.0000,0,10.25
4.9405,ramp,0,0,0.000000,0.000000,nan,nan,nan,0.0000,0,9.95
4.9604,ramp,0,0,0.000000,0.000000,nan,nan,nan,0.0000,0,9.95
4.9811,ramp,0,0,0.000000,0.000000,nan,nan,nan,0.0000,0,8.86
5.0007,settle,0,0,0.000000,0.000000,nan,nan,nan,0.0000,0,9.64
5.0210,settle,0,0,0.000000,0.000000,nan,nan,nan,0.0000,0,10.73
5.0404,settle,0,0,0.000000,0.000000,nan,nan,nan,0.0000,0,9.74
5.0604,settle,0,0,0.000000,0.000000,nan,nan,nan,0.0000,0,10.36
5.0810,settle,0,0,0.000000,0.000000,nan,nan,nan,0.0000,0,10.12
5.1005,settle,0,0,0.000000,0.000000,nan,nan,nan,0.0000,0,9.72
5.1211,settle,0,0,0.000000,0.000000,nan,nan,nan,0.0000,0,9.92
5.1406,settle,0,0,0.000000,0.000000,nan,nan,nan,0.0000,0,9.62
5.1604,settle,0,0,0.000000,0.000000,nan,nan,nan,0.0000,0,9.96
5.1812,settle,0,0,0.000000,0.000000,nan,nan,nan,0.0000,0,8.94
5.2005,settle,0,0,0.000000,0.000000,nan,nan,nan,0.0000,0,9.48
5.2207,settle,0,0,0.000000,0.000000,nan,nan,nan,0.0000,0,10.27
5.2408,settle,0,0,0.000000,0.000000,nan,nan,nan,0.0000,0,10.21
5.2603,settle,0,0,0.000000,0.000000,nan,nan,nan,0.0000,0,10.73
5.2805,settle,0,0,0.000000,0.000000,nan,nan,nan,0.0000,0,9.10
5.3006,settle,0,0,0.000000,0.000000,nan,nan,nan,0.0000,0,9.05
5.3206,settle,0,0,0.000000,0.000000,nan,nan,nan,0.0000,0,10.25
5.3407,settle,0,0,0.000000,0.000000,nan,nan,nan,0.0000,0,10.50
5.3605,settle,0,0,0.000000,0.000000,nan,nan,nan,0.0000,0,8.86
5.3803,settle,0,0,0.000000,0.000000,nan,nan,nan,0.0000,0,9.03
5.4004,settle,0,0,0.000000,0.000000,nan,nan,nan,0.0000,0,9.09
5.4208,settle,0,0,0.000000,0.000000,nan,nan,nan,0.0000,0,10.29
5.4403,settle,0,0,0.000000,0.000000,nan,nan,nan,0.0000,0,7.86
5.4604,settle,0,0,0.000000,0.000000,nan,nan,nan,0.0000,0,5.69
5.4807,settle,0,0,0.000000,0.000000,nan,nan,nan,0.0000,0,8.19
5.5005,settle,0,0,0.000000,0.000000,nan,nan,nan,0.0000,0,8.73
5.5205,settle,0,0,0.000000,0.000000,nan,nan,nan,0.0000,0,10.64
5.5410,settle,0,0,0.000000,0.000000,nan,nan,nan,0.0000,0,9.28
5.5603,settle,0,0,0.000000,0.000000,nan,nan,nan,0.0000,0,9.42
5.5805,settle,0,0,0.000000,0.000000,nan,nan,nan,0.0000,0,9.22
5.6005,settle,0,0,0.000000,0.000000,nan,nan,nan,0.0000,0,8.90
5.6206,settle,0,0,0.000000,0.000000,nan,nan,nan,0.0000,0,10.21
5.6407,settle,0,0,0.000000,0.000000,nan,nan,nan,0.0000,0,8.70
5.6605,settle,0,0,0.000000,0.000000,nan,nan,nan,0.0000,0,8.81
5.6802,settle,0,0,0.000000,0.000000,nan,nan,nan,0.0000,0,9.09
5.7004,settle,0,0,0.000000,0.000000,nan,nan,nan,0.0000,0,8.07
5.7205,settle,0,0,0.000000,0.000000,nan,nan,nan,0.0000,0,10.36
5.7406,settle,0,0,0.000000,0.000000,nan,nan,nan,0.0000,0,9.04
5.7604,settle,0,0,0.000000,0.000000,nan,nan,nan,0.0000,0,8.63
5.7806,settle,0,0,0.000000,0.000000,nan,nan,nan,0.0000,0,8.96
5.8003,settle,0,0,0.000000,0.000000,nan,nan,nan,0.0000,0,8.84
5.8205,settle,0,0,0.000000,0.000000,nan,nan,nan,0.0000,0,9.16
5.8413,settle,0,0,0.000000,0.000000,nan,nan,nan,0.0000,0,10.44
5.8602,settle,0,0,0.000000,0.000000,nan,nan,nan,0.0000,0,9.30
5.8804,settle,0,0,0.000000,0.000000,nan,nan,nan,0.0000,0,9.17
5.9005,settle,0,0,0.000000,0.000000,nan,nan,nan,0.0000,0,8.98
5.9204,settle,0,0,0.000000,0.000000,nan,nan,nan,0.0000,0,9.10
5.9407,settle,0,0,0.000000,0.000000,nan,nan,nan,0.0000,0,10.82
5.9605,settle,0,0,0.000000,0.000000,nan,nan,nan,0.0000,0,9.96
5.9804,settle,0,0,0.000000,0.000000,nan,nan,nan,0.0000,0,9.00
6.0004,settle,0,0,0.000000,0.000000,nan,nan,nan,0.0000,0,8.17
6.0207,settle,0,0,0.000000,0.000000,nan,nan,nan,0.0000,0,8.98
6.0406,settle,0,0,0.000000,0.000000,nan,nan,nan,0.0000,0,8.78
6.0603,settle,0,0,0.000000,0.000000,nan,nan,nan,0.0000,0,10.05
6.0802,settle,0,0,0.000000,0.000000,nan,nan,nan,0.0000,0,10.50
6.1003,settle,0,0,0.000000,0.000000,nan,nan,nan,0.0000,0,11.41
6.1208,settle,0,0,0.000000,0.000000,nan,nan,nan,0.0000,0,10.58
6.1407,settle,0,0,0.000000,0.000000,nan,nan,nan,0.0000,0,8.45
6.1603,settle,0,0,0.000000,0.000000,nan,nan,nan,0.0000,0,9.70
6.1803,settle,0,0,0.000000,0.000000,nan,nan,nan,0.0000,0,8.97
6.2004,settle,0,0,0.000000,0.000000,nan,nan,nan,0.0000,0,9.11
6.2204,settle,0,0,0.000000,0.000000,nan,nan,nan,0.0000,0,8.95
6.2406,settle,0,0,0.000000,0.000000,nan,nan,nan,0.0000,0,9.34
6.2605,settle,0,0,0.000000,0.000000,nan,nan,nan,0.0000,0,8.57
6.2804,settle,0,0,0.000000,0.000000,nan,nan,nan,0.0000,0,9.10
6.3003,settle,0,0,0.000000,0.000000,nan,nan,nan,0.0000,0,8.09
6.3206,settle,0,0,0.000000,0.000000,nan,nan,nan,0.0000,0,10.49
6.3408,settle,0,0,0.000000,0.000000,nan,nan,nan,0.0000,0,7.98
6.3602,settle,0,0,0.000000,0.000000,nan,nan,nan,0.0000,0,8.44
6.3805,settle,0,0,0.000000,0.000000,nan,nan,nan,0.0000,0,8.31
6.4004,settle,0,0,0.000000,0.000000,nan,nan,nan,0.0000,0,5.39
6.4205,settle,0,0,0.000000,0.000000,nan,nan,nan,0.0000,0,9.14
6.4402,settle,0,0,0.000000,0.000000,nan,nan,nan,0.0000,0,8.68
6.4602,settle,0,0,0.000000,0.000000,nan,nan,nan,0.0000,0,10.27
6.4804,settle,0,0,0.000000,0.000000,nan,nan,nan,0.0000,0,9.28
6.5005,settle,0,0,0.000000,0.000000,nan,nan,nan,0.0000,0,8.77
6.5204,settle,0,0,0.000000,0.000000,nan,nan,nan,0.0000,0,9.07
6.5407,settle,0,0,0.000000,0.000000,nan,nan,nan,0.0000,0,9.18
6.5605,settle,0,0,0.000000,0.000000,nan,nan,nan,0.0000,0,8.57
6.5804,settle,0,0,0.000000,0.000000,nan,nan,nan,0.0000,0,10.08
6.6004,settle,0,0,0.000000,0.000000,nan,nan,nan,0.0000,0,8.92
6.6205,settle,0,0,0.000000,0.000000,nan,nan,nan,0.0000,0,8.87
6.6414,settle,0,0,0.000000,0.000000,nan,nan,nan,0.0000,0,10.02
6.6602,settle,0,0,0.000000,0.000000,nan,nan,nan,0.0000,0,8.94
6.6804,settle,0,0,0.000000,0.000000,nan,nan,nan,0.0000,0,8.25
6.7003,settle,0,0,0.000000,0.000000,nan,nan,nan,0.0000,0,8.10
6.7204,settle,0,0,0.000000,0.000000,nan,nan,nan,0.0000,0,8.88
6.7405,settle,0,0,0.000000,0.000000,nan,nan,nan,0.0000,0,10.32
6.7602,settle,0,0,0.000000,0.000000,nan,nan,nan,0.0000,0,8.77
6.7805,settle,0,0,0.000000,0.000000,nan,nan,nan,0.0000,0,8.27
6.8003,settle,0,0,0.000000,0.000000,nan,nan,nan,0.0000,0,8.69
6.8208,settle,0,0,0.000000,0.000000,nan,nan,nan,0.0000,0,4.91
6.8406,settle,0,0,0.000000,0.000000,nan,nan,nan,0.0000,0,10.12
6.8605,settle,0,0,0.000000,0.000000,nan,nan,nan,0.0000,0,9.88
6.8803,settle,0,0,0.000000,0.000000,nan,nan,nan,0.0000,0,8.84
6.9002,settle,0,0,0.000000,0.000000,nan,nan,nan,0.0000,0,8.18
6.9205,settle,0,0,0.000000,0.000000,nan,nan,nan,0.0000,0,8.47
6.9406,settle,0,0,0.000000,0.000000,nan,nan,nan,0.0000,0,9.18
6.9602,settle,0,0,0.000000,0.000000,nan,nan,nan,0.0000,0,8.53
6.9805,settle,0,0,0.000000,0.000000,nan,nan,nan,0.0000,0,8.30
7.0004,settle,0,0,0.000000,0.000000,nan,nan,nan,0.0000,0,8.70
7.0205,wait_init,0,0,0.000000,0.000000,nan,nan,nan,0.0000,0,8.54
7.0408,policy,0,0,0.000000,0.000000,nan,nan,nan,0.0000,0,10.25
7.0602,policy,0,1,0.000000,0.000000,0.4248,3.2269,2.0338,0.0000,0,14.55
7.0801,policy,1,1,0.000029,0.000002,0.4292,3.2296,2.0263,0.0006,0,13.15
7.1027,policy,3,1,0.000061,0.000005,0.5057,3.4510,2.1096,0.0013,0,22.51
7.1293,policy,4,1,0.000100,0.000009,0.6074,3.9984,2.4288,0.0019,0,26.61
7.1584,policy,5,1,0.000148,0.000013,0.7239,4.7492,2.8561,0.0024,0,29.11
7.1802,policy,6,1,0.000202,0.000017,0.7788,5.2115,3.1425,0.0030,0,21.75
7.2015,policy,8,1,0.000261,0.000022,0.8254,5.6171,3.4364,0.0035,0,21.24
7.2255,policy,9,1,0.000323,0.000028,0.8545,6.0152,3.8862,0.0040,0,24.02
7.2513,policy,10,1,0.000388,0.000033,0.8808,6.3967,4.3664,0.0046,0,25.75
7.2762,policy,11,1,0.000454,0.000039,0.8773,6.7155,4.8296,0.0054,0,24.84
7.3022,policy,13,1,0.000520,0.000044,0.8622,7.0340,5.3297,0.0062,0,25.96
7.3317,policy,14,1,0.000586,0.000050,0.8322,7.3809,5.8588,0.0071,0,29.43
7.3584,policy,15,1,0.000651,0.000056,0.8062,7.6470,6.2656,0.0080,0,26.66
7.3811,policy,17,1,0.000714,0.000061,0.8283,7.8580,6.6029,0.0087,0,22.65
7.4046,policy,18,1,0.000773,0.000066,0.8014,8.1130,6.9291,0.0094,0,23.54
7.4315,policy,19,1,0.000826,0.000070,0.7319,8.4215,7.3068,0.0100,0,26.80
7.4553,policy,20,1,0.000874,0.000075,0.6581,8.7439,7.6545,0.0104,0,23.73
7.4807,policy,21,1,0.000915,0.000078,0.5836,9.1394,8.0617,0.0108,0,25.43
7.5037,policy,23,1,0.000945,0.000081,0.6167,9.4643,8.4791,0.0109,0,22.91
7.5247,policy,24,1,0.000968,0.000083,0.5311,9.8825,8.9066,0.0109,0,12.91
7.5505,policy,25,1,0.000988,0.000084,0.4545,10.4203,9.4776,0.0109,0,25.76
7.5752,policy,26,1,0.000998,0.000085,0.3459,10.8736,10.0337,0.0113,0,24.65
7.5971,policy,27,1,0.000999,0.000085,0.3461,11.2908,10.5451,0.0117,0,21.85
7.6232,policy,29,1,0.000993,0.000085,0.6181,11.7172,11.2863,0.0122,0,26.07
7.6494,policy,30,1,0.000982,0.000084,0.5615,12.2206,11.8887,0.0126,0,26.18
7.6746,policy,31,1,0.000970,0.000083,0.4499,12.6772,12.4651,0.0128,0,25.11
7.6993,policy,32,1,0.000955,0.000081,0.3310,13.1055,13.0135,0.0129,0,24.72
7.7266,policy,34,0,0.000000,0.000000,0.5501,13.5249,13.8397,0.0000,0,26.02
7.7472,policy,35,0,0.000000,0.000000,0.5510,13.9318,14.3383,0.0000,0,16.16
7.7672,policy,36,0,0.000000,0.000000,0.5960,14.3992,14.8698,0.0000,0,11.82
7.7872,policy,37,0,0.000000,0.000000,0.5665,14.8782,15.4064,0.0000,0,12.05
7.8072,policy,38,0,0.000000,0.000000,0.5045,15.4179,16.0127,0.0000,0,12.15
7.8271,policy,39,0,0.000000,0.000000,0.4328,15.8947,16.6106,0.0000,0,13.43
7.8473,policy,40,0,0.000000,0.000000,0.3465,16.4387,17.2287,0.0000,0,14.41
7.8672,policy,41,0,0.000000,0.000000,0.2543,16.9982,17.8159,0.0000,0,12.95
7.8871,policy,42,0,0.000000,0.000000,0.1334,17.6046,18.4369,0.0000,0,11.32
7.9072,policy,43,0,0.000000,0.000000,0.1943,18.2214,19.0655,0.0000,0,13.13
7.9272,policy,44,0,0.000000,0.000000,0.3557,18.8265,19.6676,0.0000,0,13.75
7.9473,policy,45,0,0.000000,0.000000,0.5315,19.4314,20.2864,0.0000,0,12.26
7.9674,policy,46,0,0.000000,0.000000,0.6045,20.0811,20.8486,0.0000,0,11.19
7.9870,policy,47,0,0.000000,0.000000,0.5948,20.6970,21.3434,0.0000,0,9.86
8.0071,policy,48,0,0.000000,0.000000,0.6286,21.3057,21.7914,0.0000,0,11.58
8.0272,policy,49,0,0.000000,0.000000,0.6835,21.8870,22.1670,0.0000,0,12.86
8.0471,policy,50,0,0.000000,0.000000,0.7863,22.4743,22.5118,0.0000,0,14.03
8.0672,policy,51,0,0.000000,0.000000,1.0197,22.9743,22.7340,0.0000,0,11.96
8.0874,policy,52,0,0.000000,0.000000,1.2178,23.4552,22.9111,0.0000,0,15.17
8.1071,policy,53,0,0.000000,0.000000,1.4577,23.8880,23.0171,0.0000,0,13.25
8.1272,policy,54,0,0.000000,0.000000,1.7543,24.3089,23.0835,0.0000,0,17.98
8.1473,policy,55,0,0.000000,0.000000,2.0166,24.7257,23.1271,0.0000,0,12.26
8.1671,policy,56,0,0.000000,0.000000,2.2156,25.1372,23.1146,0.0000,0,11.78
8.1871,policy,57,0,0.000000,0.000000,2.3009,25.5337,23.0878,0.0000,0,11.20
8.2074,policy,58,0,0.000000,0.000000,2.2925,25.9222,23.0742,0.0000,0,11.50
8.2271,policy,59,0,0.000000,0.000000,2.2901,26.1600,23.0303,0.0000,0,11.03
8.2471,policy,60,0,0.000000,0.000000,2.2957,26.3500,23.0580,0.0000,0,12.03
8.2672,policy,61,0,0.000000,0.000000,2.1047,26.3550,22.9900,0.0000,0,13.09
8.2871,policy,62,0,0.000000,0.000000,2.1274,26.3168,22.9719,0.0000,0,11.22
8.3072,policy,63,0,0.000000,0.000000,2.2374,26.2340,22.9661,0.0000,0,12.18
8.3273,policy,64,0,0.000000,0.000000,2.4861,26.1073,22.9342,0.0000,0,14.23
8.3472,policy,65,0,0.000000,0.000000,2.8043,25.8523,22.8223,0.0000,0,13.56
8.3670,policy,66,0,0.000000,0.000000,2.9992,25.6353,22.6519,0.0000,0,11.82
8.3872,policy,67,0,0.000000,0.000000,3.0839,25.3600,22.3959,0.0000,0,13.29
8.4071,policy,68,0,0.000000,0.000000,3.0781,25.0961,22.2348,0.0000,0,12.03
8.4271,policy,69,0,0.000000,0.000000,3.1120,24.8516,22.1770,0.0000,0,14.23
8.4473,policy,70,0,0.000000,0.000000,3.1359,24.6153,22.0924,0.0000,0,12.65
8.4672,policy,71,0,0.000000,0.000000,3.0472,24.4646,22.0416,0.0000,0,12.91
8.4870,policy,72,0,0.000000,0.000000,2.9042,24.3348,21.9966,0.0000,0,11.05
8.5074,policy,73,0,0.000000,0.000000,2.7554,24.2654,21.9728,0.0000,0,12.33
8.5270,policy,74,0,0.000000,0.000000,2.6286,24.2559,21.9901,0.0000,0,13.11
8.5470,policy,75,0,0.000000,0.000000,2.5144,24.2756,22.0179,0.0000,0,12.11
8.5671,policy,76,0,0.000000,0.000000,2.3149,24.4064,22.1010,0.0000,0,12.14
8.5870,policy,77,0,0.000000,0.000000,2.1410,24.5506,22.2989,0.0000,0,10.07
8.6071,policy,78,0,0.000000,0.000000,1.9652,24.7435,22.5312,0.0000,0,11.44
8.6272,policy,79,0,0.000000,0.000000,1.8281,24.9890,22.7841,0.0000,0,13.54
8.6475,policy,80,0,0.000000,0.000000,1.6978,25.2607,23.0534,0.0000,0,13.19
8.6670,policy,81,0,0.000000,0.000000,1.7006,25.5595,23.3397,0.0000,0,12.69
8.6872,policy,82,0,0.000000,0.000000,1.7193,25.8671,23.6345,0.0000,0,12.24
8.7072,policy,83,0,0.000000,0.000000,1.7573,26.1989,23.9339,0.0000,0,9.86
8.7272,policy,84,0,0.000000,0.000000,1.7667,26.5379,24.2358,0.0000,0,13.45
8.7473,policy,85,0,0.000000,0.000000,1.7685,26.8925,24.5152,0.0000,0,13.06
8.7671,policy,86,0,0.000000,0.000000,1.6893,27.1310,24.7535,0.0000,0,11.93
8.7871,policy,87,0,0.000000,0.000000,1.5811,27.1886,24.9004,0.0000,0,11.18
8.8071,policy,88,0,0.000000,0.000000,1.4720,26.8860,24.8846,0.0000,0,11.41
8.8274,policy,89,0,0.000000,0.000000,1.3886,26.4045,24.7850,0.0000,0,11.24
8.8470,policy,90,0,0.000000,0.000000,1.3225,25.8143,24.6215,0.0000,0,13.41
8.8672,policy,91,0,0.000000,0.000000,1.2587,25.3620,24.4915,0.0000,0,12.12
8.8869,policy,92,0,0.000000,0.000000,1.2120,24.9658,24.3735,0.0000,0,11.00
8.9072,policy,93,0,0.000000,0.000000,1.1864,24.6608,24.2932,0.0000,0,12.08
8.9272,policy,94,0,0.000000,0.000000,1.1912,24.4155,24.2369,0.0000,0,15.56
8.9471,policy,95,0,0.000000,0.000000,1.2194,24.2109,24.1770,0.0000,0,13.34
8.9671,policy,96,0,0.000000,0.000000,1.2767,24.0331,24.1374,0.0000,0,12.02
8.9872,policy,97,0,0.000000,0.000000,1.3181,23.8604,24.0946,0.0000,0,11.98
9.0070,policy,98,0,0.000000,0.000000,1.3473,23.7114,24.0454,0.0000,0,12.26
9.0270,policy,99,0,0.000000,0.000000,1.3939,23.5861,23.9801,0.0000,0,14.47
9.0472,policy,100,0,0.000000,0.000000,1.4606,23.4748,23.9073,0.0000,0,15.03
9.0671,policy,101,0,0.000000,0.000000,1.5733,23.4755,23.8263,0.0000,0,9.73
9.0870,policy,102,0,0.000000,0.000000,1.6811,23.5169,23.7658,0.0000,0,11.26
9.1072,policy,103,0,0.000000,0.000000,1.7734,23.6331,23.7311,0.0000,0,11.32
9.1284,policy,104,0,0.000000,0.000000,1.9598,23.8054,23.7090,0.0000,0,21.21
9.1494,policy,105,0,0.000000,0.000000,2.1823,24.0034,23.6779,0.0000,0,13.87
9.1693,policy,106,0,0.000000,0.000000,2.3997,24.2560,23.6583,0.0000,0,14.14
9.1891,policy,107,0,0.000000,0.000000,2.5492,24.4663,23.5924,0.0000,0,14.99
9.2103,policy,108,0,0.000000,0.000000,2.6169,24.6903,23.7185,0.0000,0,19.00
9.2291,policy,109,0,0.000000,0.000000,2.6355,24.8834,23.9056,0.0000,0,17.05
9.2492,policy,110,0,0.000000,0.000000,2.6203,25.0304,24.0780,0.0000,0,13.98
9.2690,policy,111,0,0.000000,0.000000,2.4577,25.0963,24.1288,0.0000,0,11.24
9.2889,policy,112,0,0.000000,0.000000,2.4944,25.0735,24.1309,0.0000,0,11.67
9.3092,policy,113,0,0.000000,0.000000,2.5583,24.9612,24.0824,0.0000,0,10.35
9.3293,policy,114,0,0.000000,0.000000,2.6003,24.7931,23.9864,0.0000,0,15.28
9.3490,policy,115,0,0.000000,0.000000,2.6274,24.5570,23.8348,0.0000,0,15.98
9.3692,policy,116,0,0.000000,0.000000,2.6449,24.2915,23.6534,0.0000,0,13.64
9.3893,policy,117,0,0.000000,0.000000,2.6298,23.9161,23.4507,0.0000,0,12.31
9.4092,policy,118,0,0.000000,0.000000,2.6200,23.5407,23.2584,0.0000,0,11.03
9.4292,policy,119,0,0.000000,0.000000,2.5751,23.1861,23.0660,0.0000,0,10.34
9.4492,policy,120,0,0.000000,0.000000,2.5201,22.7664,22.8406,0.0000,0,14.07
9.4690,policy,121,0,0.000000,0.000000,2.4519,22.2596,22.5691,0.0000,0,12.00
9.4892,policy,122,0,0.000000,0.000000,2.4124,21.7251,22.4062,0.0000,0,12.20
9.5085,policy,123,0,0.000000,0.000000,2.4040,21.5748,22.3314,0.0000,0,10.85
9.5287,policy,124,0,0.000000,0.000000,2.2794,20.5860,22.2047,0.0000,0,5.18
9.5491,policy,125,0,0.000000,0.000000,2.1908,19.9562,22.1257,0.0000,0,12.57
9.5692,policy,126,0,0.000000,0.000000,1.9700,19.3588,22.0722,0.0000,0,12.15
9.5892,policy,127,0,0.000000,0.000000,1.7320,18.7341,21.9961,0.0000,0,12.15
9.6091,policy,128,0,0.000000,0.000000,1.4647,18.1286,21.9175,0.0000,0,11.40
9.6295,policy,129,0,0.000000,0.000000,1.4347,17.5120,21.8688,0.0000,0,10.77
9.6492,policy,130,0,0.000000,0.000000,1.5547,16.8398,21.8007,0.0000,0,15.65
9.6689,policy,131,0,0.000000,0.000000,1.5733,16.2590,21.7577,0.0000,0,11.76
9.6892,policy,132,0,0.000000,0.000000,1.5613,15.6125,21.6605,0.0000,0,11.58
9.7090,policy,133,0,0.000000,0.000000,1.5577,15.0558,21.6099,0.0000,0,12.88
9.7292,policy,134,0,0.000000,0.000000,1.5486,14.4817,21.6104,0.0000,0,14.42
9.7488,policy,135,0,0.000000,0.000000,1.5346,13.9295,21.5961,0.0000,0,14.19
9.7690,policy,136,0,0.000000,0.000000,1.5048,13.4317,21.6231,0.0000,0,10.34
9.7890,policy,137,0,0.000000,0.000000,1.5051,12.9812,21.6668,0.0000,0,11.37
9.8091,policy,138,0,0.000000,0.000000,1.5661,12.5760,21.7484,0.0000,0,12.40
9.8290,policy,139,0,0.000000,0.000000,1.6615,12.1924,21.8731,0.0000,0,14.58
9.8487,policy,140,0,0.000000,0.000000,1.7575,11.8691,22.0257,0.0000,0,8.14
9.8690,policy,141,0,0.000000,0.000000,1.7692,11.5251,22.1621,0.0000,0,11.67
9.8889,policy,142,0,0.000000,0.000000,1.7894,11.3650,22.3611,0.0000,0,12.16
9.9090,policy,143,0,0.000000,0.000000,1.9972,11.2344,22.5967,0.0000,0,12.57
9.9292,policy,144,0,0.000000,0.000000,2.0629,11.1515,22.8385,0.0000,0,16.09
9.9490,policy,145,0,0.000000,0.000000,2.0750,11.0446,23.0625,0.0000,0,13.43
9.9691,policy,146,0,0.000000,0.000000,2.1307,11.0172,23.3066,0.0000,0,15.37
9.9891,policy,147,0,0.000000,0.000000,2.2114,10.9884,23.5536,0.0000,0,11.72
10.0089,policy,148,0,0.000000,0.000000,2.2819,11.0583,23.8263,0.0000,0,12.43
10.0290,policy,149,0,0.000000,0.000000,2.2989,11.1866,24.0912,0.0000,0,15.47
10.0492,policy,150,0,0.000000,0.000000,2.2777,11.3588,24.3463,0.0000,0,14.37
10.0690,policy,151,0,0.000000,0.000000,2.2325,11.5845,24.5738,0.0000,0,11.93
10.0890,policy,152,0,0.000000,0.000000,2.1654,11.8633,24.8749,0.0000,0,12.03
10.1092,policy,153,0,0.000000,0.000000,2.0530,12.2116,25.2367,0.0000,0,12.29
10.1291,policy,154,0,0.000000,0.000000,2.0867,12.6160,25.6168,0.0000,0,19.17
10.1490,policy,155,0,0.000000,0.000000,2.2042,13.1199,26.0494,0.0000,0,16.52
10.1703,policy,156,0,0.000000,0.000000,2.4258,13.7874,26.5460,0.0000,0,13.57
10.1890,policy,157,0,0.000000,0.000000,2.5954,14.3716,26.9738,0.0000,0,12.13
10.2090,policy,158,0,0.000000,0.000000,2.7906,14.9709,27.4040,0.0000,0,11.89
10.2291,policy,159,0,0.000000,0.000000,2.9789,15.4137,27.7838,0.0000,0,15.42
10.2491,policy,160,0,0.000000,0.000000,3.1244,15.7618,28.1768,0.0000,0,14.04
10.2689,policy,161,0,0.000000,0.000000,3.2285,15.9915,28.4669,0.0000,0,11.82
10.2892,policy,162,0,0.000000,0.000000,3.2287,16.1283,28.7123,0.0000,0,11.45
10.3093,policy,163,0,0.000000,0.000000,3.1399,16.1715,28.9176,0.0000,0,12.27
10.3295,policy,164,0,0.000000,0.000000,3.1029,16.0459,29.0610,0.0000,0,11.82
10.3491,policy,165,0,0.000000,0.000000,3.0342,15.8682,29.1565,0.0000,0,12.88
10.3690,policy,166,0,0.000000,0.000000,2.9859,15.5680,29.1871,0.0000,0,13.16
10.3885,policy,167,0,0.000000,0.000000,2.8836,15.1814,29.1703,0.0000,0,11.43
10.4090,policy,168,0,0.000000,0.000000,3.1411,14.8083,29.1357,0.0000,0,12.36
10.4285,policy,169,0,0.000000,0.000000,3.1391,14.4958,29.0943,0.0000,0,11.57
10.4491,policy,170,0,0.000000,0.000000,2.9808,14.0909,28.9769,0.0000,0,14.02
10.4692,policy,171,0,0.000000,0.000000,3.2363,13.6648,28.8760,0.0000,0,12.06
10.4891,policy,172,0,0.000000,0.000000,3.6696,13.2233,28.7873,0.0000,0,12.10
10.5089,policy,173,0,0.000000,0.000000,3.9398,12.7949,28.6973,0.0000,0,13.12
10.5291,policy,174,0,0.000000,0.000000,4.0757,12.4222,28.6327,0.0000,0,14.35
10.5490,policy,175,0,0.000000,0.000000,4.1144,12.2095,28.6051,0.0000,0,12.46
10.5691,policy,176,0,0.000000,0.000000,4.0941,12.1696,28.6412,0.0000,0,12.11
10.5891,policy,177,0,0.000000,0.000000,3.9654,12.1987,28.6948,0.0000,0,10.16
10.6092,policy,178,0,0.000000,0.000000,3.7680,12.3528,28.7940,0.0000,0,11.56
10.6291,policy,179,0,0.000000,0.000000,3.5027,12.5678,28.9078,0.0000,0,12.92
10.6491,policy,180,0,0.000000,0.000000,3.2522,12.8352,29.0337,0.0000,0,13.59
10.6689,policy,181,0,0.000000,0.000000,3.1339,13.1369,29.1442,0.0000,0,11.89
10.6889,policy,182,0,0.000000,0.000000,3.2110,13.4352,29.2392,0.0000,0,10.35
10.7091,policy,183,0,0.000000,0.000000,3.2508,13.7401,29.3294,0.0000,0,12.42
10.7288,policy,184,0,0.000000,0.000000,3.2519,14.0279,29.3659,0.0000,0,15.06
10.7486,policy,185,0,0.000000,0.000000,3.2788,14.2855,29.3764,0.0000,0,13.73
10.7690,policy,186,0,0.000000,0.000000,3.2994,14.5489,29.3665,0.0000,0,10.38
10.7890,policy,187,0,0.000000,0.000000,3.3341,14.7895,29.3093,0.0000,0,11.25
10.8091,policy,188,0,0.000000,0.000000,3.3556,14.9692,29.1996,0.0000,0,11.56
10.8290,policy,189,0,0.000000,0.000000,3.3613,15.0923,29.0612,0.0000,0,14.10
10.8486,policy,190,0,0.000000,0.000000,3.5699,15.1697,28.9251,0.0000,0,15.28
10.8689,policy,191,0,0.000000,0.000000,3.8137,15.2226,28.7347,0.0000,0,10.56
10.8891,policy,192,0,0.000000,0.000000,3.9869,15.2554,28.5389,0.0000,0,12.28
10.9090,policy,193,0,0.000000,0.000000,4.1251,15.2718,28.3271,0.0000,0,12.50
10.9293,policy,194,0,0.000000,0.000000,4.2061,15.2901,28.1105,0.0000,0,12.44
10.9490,policy,195,0,0.000000,0.000000,4.2528,15.3058,27.9255,0.0000,0,13.16
10.9690,policy,196,0,0.000000,0.000000,4.2859,15.3170,27.7273,0.0000,0,10.02
10.9891,policy,197,0,0.000000,0.000000,4.3286,15.3098,27.5341,0.0000,0,12.07
11.0092,policy,198,0,0.000000,0.000000,4.3737,15.2771,27.3255,0.0000,0,13.03
11.0291,policy,199,0,0.000000,0.000000,4.4190,15.2160,27.1287,0.0000,0,13.83
11.0489,policy,200,0,0.000000,0.000000,4.4509,15.1367,26.9901,0.0000,0,12.65
11.0691,policy,201,0,0.000000,0.000000,4.4816,15.0391,26.9057,0.0000,0,9.19
11.0890,policy,202,0,0.000000,0.000000,4.4934,14.9350,26.8138,0.0000,0,11.20
11.1088,policy,203,0,0.000000,0.000000,4.4937,14.8227,26.7039,0.0000,0,13.19
11.1292,policy,204,0,0.000000,0.000000,4.4824,14.6766,26.5648,0.0000,0,14.36
11.1488,policy,205,0,0.000000,0.000000,4.4792,14.4957,26.3990,0.0000,0,17.03
11.1692,policy,206,0,0.000000,0.000000,4.4673,14.2910,26.2333,0.0000,0,11.52
11.1890,policy,207,0,0.000000,0.000000,4.4590,14.1192,26.0971,0.0000,0,11.24
11.2090,policy,208,0,0.000000,0.000000,4.4427,13.9475,25.9452,0.0000,0,13.52
11.2291,policy,209,0,0.000000,0.000000,4.3931,13.7775,25.7836,0.0000,0,15.27
11.2491,policy,210,0,0.000000,0.000000,4.3192,13.6113,25.6369,0.0000,0,13.27
11.2689,policy,211,0,0.000000,0.000000,4.2430,13.4551,25.4800,0.0000,0,12.04
11.2889,policy,212,0,0.000000,0.000000,4.1749,13.3060,25.3281,0.0000,0,11.98
11.3092,policy,213,0,0.000000,0.000000,4.1304,13.1668,25.1813,0.0000,0,11.98
11.3289,policy,214,0,0.000000,0.000000,4.0859,13.0506,25.0474,0.0000,0,13.88
11.3491,policy,215,0,0.000000,0.000000,4.0285,12.9462,24.9054,0.0000,0,17.53
11.3691,policy,216,0,0.000000,0.000000,3.9781,12.8556,24.7823,0.0000,0,12.10
11.3889,policy,217,0,0.000000,0.000000,3.9305,12.7686,24.6486,0.0000,0,12.64
11.4089,policy,218,0,0.000000,0.000000,3.8889,12.6853,24.5244,0.0000,0,13.20
11.4290,policy,219,0,0.000000,0.000000,3.8378,12.6055,24.4068,0.0000,0,12.75
11.4489,policy,220,0,0.000000,0.000000,3.7946,12.5350,24.2918,0.0000,0,13.28
11.4690,policy,221,0,0.000000,0.000000,3.7547,12.4782,24.1899,0.0000,0,10.25
11.4891,policy,222,0,0.000000,0.000000,3.7178,12.4343,24.0912,0.0000,0,11.32
11.5089,policy,223,0,0.000000,0.000000,3.6763,12.3949,23.9925,0.0000,0,14.11
11.5289,policy,224,0,0.000000,0.000000,3.6305,12.3546,23.9017,0.0000,0,13.85
11.5492,policy,225,0,0.000000,0.000000,3.5952,12.3198,23.8167,0.0000,0,12.24
11.5689,policy,226,0,0.000000,0.000000,3.5773,12.2896,23.7378,0.0000,0,9.36
11.5891,policy,227,0,0.000000,0.000000,3.5668,12.2631,23.6619,0.0000,0,11.36
11.6091,policy,228,0,0.000000,0.000000,3.5503,12.2365,23.5929,0.0000,0,10.02
11.6289,policy,229,0,0.000000,0.000000,3.5334,12.2145,23.5288,0.0000,0,13.18
11.6490,policy,230,0,0.000000,0.000000,3.5133,12.1953,23.4654,0.0000,0,13.45
11.6690,policy,231,0,0.000000,0.000000,3.4932,12.1761,23.3973,0.0000,0,12.13
11.6889,policy,232,0,0.000000,0.000000,3.4836,12.1596,23.3371,0.0000,0,12.26
11.7090,policy,233,0,0.000000,0.000000,3.4639,12.1541,23.2840,0.0000,0,12.24
11.7291,policy,234,0,0.000000,0.000000,3.4511,12.1614,23.2384,0.0000,0,12.59
11.7490,policy,235,0,0.000000,0.000000,3.4383,12.1706,23.1983,0.0000,0,12.09
11.7690,policy,236,0,0.000000,0.000000,3.4255,12.1825,23.1638,0.0000,0,11.22
11.7893,policy,237,0,0.000000,0.000000,3.4059,12.1907,23.1276,0.0000,0,10.11
11.8088,policy,238,0,0.000000,0.000000,3.3829,12.2026,23.0971,0.0000,0,11.59
11.8288,policy,239,0,0.000000,0.000000,3.3522,12.2182,23.0623,0.0000,0,13.59
11.8492,policy,240,0,0.000000,0.000000,3.3248,12.2301,23.0252,0.0000,0,12.19
11.8690,policy,241,0,0.000000,0.000000,3.2996,12.2338,22.9895,0.0000,0,13.06
11.8891,policy,242,0,0.000000,0.000000,3.2647,12.2383,22.9525,0.0000,0,11.57
11.9090,policy,243,0,0.000000,0.000000,3.2469,12.2429,22.9130,0.0000,0,13.40
11.9348,policy,244,0,0.000000,0.000000,3.2249,12.2502,22.8574,0.0000,0,25.73
11.9551,policy,245,0,0.000000,0.000000,3.2071,12.2585,22.8035,0.0000,0,14.40
11.9751,policy,246,0,0.000000,0.000000,3.1927,12.2631,22.7458,0.0000,0,11.95
11.9950,policy,247,0,0.000000,0.000000,3.1827,12.2676,22.6916,0.0000,0,12.04
12.0157,policy,248,0,0.000000,0.000000,3.1767,12.2713,22.6377,0.0000,0,13.33
12.0351,policy,249,0,0.000000,0.000000,3.1790,12.2722,22.5849,0.0000,0,12.49
12.0549,policy,250,0,0.000000,0.000000,3.1816,12.2750,22.5349,0.0000,0,12.98
12.0759,policy,251,0,0.000000,0.000000,3.1892,12.2759,22.4882,0.0000,0,11.41
12.0963,policy,252,0,0.000000,0.000000,3.1862,12.2786,22.4456,0.0000,0,12.43
12.1184,policy,253,0,0.000000,0.000000,3.1795,12.2823,22.3947,0.0000,0,12.67
12.1354,policy,254,0,0.000000,0.000000,3.1786,12.2850,22.3564,0.0000,0,13.84
12.1552,policy,255,0,0.000000,0.000000,3.1816,12.2924,22.3089,0.0000,0,15.67
12.1762,policy,256,0,0.000000,0.000000,3.1782,12.3033,22.2596,0.0000,0,11.08
12.1949,policy,257,0,0.000000,0.000000,3.1775,12.3152,22.2160,0.0000,0,11.94
12.2159,policy,258,0,0.000000,0.000000,3.1760,12.3253,22.1668,0.0000,0,12.26
12.2350,policy,259,0,0.000000,0.000000,3.1769,12.3418,22.1276,0.0000,0,14.58
12.2549,policy,260,0,0.000000,0.000000,3.1785,12.3619,22.0890,0.0000,0,13.89
12.2751,policy,261,0,0.000000,0.000000,3.1798,12.3821,22.0522,0.0000,0,12.15
12.2948,policy,262,0,0.000000,0.000000,3.1706,12.4013,22.0134,0.0000,0,12.13
12.3158,policy,263,0,0.000000,0.000000,3.1612,12.4224,21.9710,0.0000,0,12.07
12.3350,policy,264,0,0.000000,0.000000,3.1488,12.4489,21.9283,0.0000,0,12.59
12.3548,policy,265,0,0.000000,0.000000,3.1394,12.4800,21.8892,0.0000,0,13.42
12.3751,policy,266,0,0.000000,0.000000,3.1297,12.5130,21.8503,0.0000,0,12.26
12.3949,policy,267,0,0.000000,0.000000,3.1277,12.5487,21.8238,0.0000,0,11.86
12.4152,policy,268,0,0.000000,0.000000,3.1263,12.5930,21.8068,0.0000,0,13.02
12.4357,policy,269,0,0.000000,0.000000,3.1205,12.6452,21.7909,0.0000,0,11.65
12.4551,policy,270,0,0.000000,0.000000,3.1145,12.7019,21.7784,0.0000,0,12.61
12.4749,policy,271,0,0.000000,0.000000,3.1021,12.7605,21.7769,0.0000,0,11.04
12.4948,policy,272,0,0.000000,0.000000,3.0826,12.8219,21.7763,0.0000,0,13.22
12.5155,policy,273,0,0.000000,0.000000,3.0629,12.8777,21.7727,0.0000,0,11.48
12.5350,policy,274,0,0.000000,0.000000,3.0511,12.9409,21.7730,0.0000,0,17.49
12.5559,policy,275,0,0.000000,0.000000,3.0513,13.0050,21.7740,0.0000,0,13.08
12.5750,policy,276,0,0.000000,0.000000,3.0551,13.0608,21.7803,0.0000,0,12.22
12.5949,policy,277,0,0.000000,0.000000,3.0552,13.1103,21.7839,0.0000,0,13.16
12.6162,policy,278,0,0.000000,0.000000,3.0596,13.1753,21.7862,0.0000,0,13.98
12.6351,policy,279,0,0.000000,0.000000,3.0643,13.2265,21.7831,0.0000,0,15.00
12.6549,policy,280,0,0.000000,0.000000,3.0693,13.2860,21.7855,0.0000,0,12.20
12.6751,policy,281,0,0.000000,0.000000,3.0716,13.3483,21.7937,0.0000,0,12.25
12.6949,policy,282,0,0.000000,0.000000,3.0839,13.4124,21.8097,0.0000,0,14.00
12.7154,policy,283,0,0.000000,0.000000,3.0887,13.4636,21.8144,0.0000,0,13.16
12.7348,policy,284,0,0.000000,0.000000,3.0935,13.5048,21.8253,0.0000,0,15.73
12.7551,policy,285,0,0.000000,0.000000,3.1071,13.5378,21.8365,0.0000,0,12.55
12.7750,policy,286,0,0.000000,0.000000,3.1163,13.5744,21.8469,0.0000,0,11.95
12.7960,policy,287,0,0.000000,0.000000,3.1281,13.6043,21.8459,0.0000,0,13.33
12.8155,policy,288,0,0.000000,0.000000,3.1501,13.6281,21.8486,0.0000,0,14.21
12.8353,policy,289,0,0.000000,0.000000,3.1863,13.6592,21.8577,0.0000,0,16.75
12.8549,policy,290,0,0.000000,0.000000,3.2238,13.6821,21.8574,0.0000,0,13.82
12.8750,policy,291,0,0.000000,0.000000,3.2518,13.7151,21.8556,0.0000,0,14.42
12.8959,policy,292,0,0.000000,0.000000,3.2707,13.7398,21.8501,0.0000,0,13.22
12.9151,policy,293,0,0.000000,0.000000,3.2870,13.7581,21.8546,0.0000,0,12.83
12.9352,policy,294,0,0.000000,0.000000,3.3088,13.7839,21.8634,0.0000,0,14.57
12.9560,policy,295,0,0.000000,0.000000,3.3377,13.8086,21.8761,0.0000,0,15.11
12.9758,policy,296,0,0.000000,0.000000,3.3655,13.8370,21.8861,0.0000,0,10.16
12.9960,policy,297,0,0.000000,0.000000,3.3940,13.8654,21.8998,0.0000,0,12.30
13.0150,policy,298,0,0.000000,0.000000,3.4244,13.8938,21.9106,0.0000,0,12.03
13.0359,policy,299,0,0.000000,0.000000,3.4554,13.9368,21.9274,0.0000,0,13.21
13.0549,policy,300,0,0.000000,0.000000,3.4952,13.9679,21.9434,0.0000,0,4.55
13.0761,policy,301,0,0.000000,0.000000,3.5368,14.0091,21.9665,0.0000,0,12.03
13.0960,policy,302,0,0.000000,0.000000,3.5714,14.0531,21.9827,0.0000,0,12.17
13.1150,policy,303,0,0.000000,0.000000,3.6055,14.1016,21.9999,0.0000,0,14.85
13.1348,policy,304,0,0.000000,0.000000,3.6531,14.1382,22.0173,0.0000,0,14.22
13.1548,policy,305,0,0.000000,0.000000,3.6983,14.1757,22.0386,0.0000,0,19.44
13.1748,policy,306,0,0.000000,0.000000,3.7489,14.2133,22.0583,0.0000,0,15.06
13.1960,policy,307,0,0.000000,0.000000,3.8073,14.2572,22.0841,0.0000,0,13.32
13.2154,policy,308,0,0.000000,0.000000,3.8618,14.2911,22.1031,0.0000,0,19.42
13.2356,policy,309,0,0.000000,0.000000,3.9196,14.3204,22.1188,0.0000,0,15.79
13.2560,policy,310,0,0.000000,0.000000,3.9836,14.3633,22.1556,0.0000,0,16.22
13.2759,policy,311,0,0.000000,0.000000,4.0650,14.4036,22.1957,0.0000,0,12.32
13.2957,policy,312,0,0.000000,0.000000,4.1470,14.4486,22.2381,0.0000,0,10.99
13.3155,policy,313,0,0.000000,0.000000,4.2193,14.4935,22.2802,0.0000,0,12.22
13.3359,policy,314,0,0.000000,0.000000,4.2976,14.5303,22.3210,0.0000,0,15.45
13.3560,policy,315,0,0.000000,0.000000,4.3758,14.5661,22.3610,0.0000,0,11.72
13.3761,policy,316,0,0.000000,0.000000,4.4537,14.6010,22.3991,0.0000,0,11.93
13.3959,policy,317,0,0.000000,0.000000,4.5352,14.6341,22.4368,0.0000,0,12.12
13.4163,policy,318,0,0.000000,0.000000,4.6229,14.6699,22.4802,0.0000,0,13.07
13.4359,policy,319,0,0.000000,0.000000,4.6994,14.7021,22.5169,0.0000,0,14.33
13.4559,policy,320,0,0.000000,0.000000,4.7785,14.7314,22.5494,0.0000,0,12.08
13.4759,policy,321,0,0.000000,0.000000,4.8549,14.7563,22.5762,0.0000,0,12.32
13.4959,policy,322,0,0.000000,0.000000,4.9246,14.7719,22.6003,0.0000,0,11.08
13.5163,policy,323,0,0.000000,0.000000,4.9876,14.7839,22.6229,0.0000,0,12.10
13.5359,policy,324,0,0.000000,0.000000,5.0402,14.7968,22.6498,0.0000,0,13.63
13.5561,policy,325,0,0.000000,0.000000,5.0973,14.8142,22.6770,0.0000,0,13.06
13.5759,policy,326,0,0.000000,0.000000,5.1452,14.8280,22.6995,0.0000,0,10.77
13.5960,policy,327,0,0.000000,0.000000,5.2011,14.8427,22.7248,0.0000,0,12.13
13.6168,policy,328,0,0.000000,0.000000,5.2502,14.8546,22.7487,0.0000,0,4.82
13.6358,policy,329,0,0.000000,0.000000,5.2955,14.8684,22.7703,0.0000,0,13.56
13.6558,policy,330,0,0.000000,0.000000,5.3339,14.8886,22.7934,0.0000,0,14.35
13.6759,policy,331,0,0.000000,0.000000,5.3757,14.9051,22.8181,0.0000,0,11.20
13.6960,policy,332,0,0.000000,0.000000,5.4212,14.9206,22.8422,0.0000,0,12.79
13.7160,policy,333,0,0.000000,0.000000,5.4666,14.9344,22.8647,0.0000,0,12.66
13.7359,policy,334,0,0.000000,0.000000,5.5022,14.9490,22.8881,0.0000,0,12.82
13.7558,policy,335,0,0.000000,0.000000,5.5402,14.9646,22.9118,0.0000,0,12.99
13.7759,policy,336,0,0.000000,0.000000,5.5687,14.9765,22.9318,0.0000,0,11.14
13.7959,policy,337,0,0.000000,0.000000,5.5973,14.9911,22.9512,0.0000,0,10.88
13.8164,policy,338,0,0.000000,0.000000,5.6281,15.0039,22.9710,0.0000,0,11.94
13.8359,policy,339,0,0.000000,0.000000,5.6522,15.0166,22.9866,0.0000,0,13.44
13.8560,policy,340,0,0.000000,0.000000,5.6869,15.0285,23.0018,0.0000,0,11.07
13.8758,policy,341,0,0.000000,0.000000,5.7146,15.0394,23.0161,0.0000,0,9.06
13.8959,policy,342,0,0.000000,0.000000,5.7490,15.0467,23.0276,0.0000,0,11.05
13.9164,policy,343,0,0.000000,0.000000,5.7802,15.0540,23.0390,0.0000,0,11.99
13.9359,policy,344,0,0.000000,0.000000,5.8014,15.0594,23.0457,0.0000,0,14.02
13.9560,policy,345,0,0.000000,0.000000,5.8188,15.0648,23.0548,0.0000,0,14.11
13.9759,policy,346,0,0.000000,0.000000,5.8353,15.0694,23.0644,0.0000,0,10.81
13.9958,policy,347,0,0.000000,0.000000,5.8520,15.0730,23.0727,0.0000,0,12.92
14.0159,policy,348,0,0.000000,0.000000,5.8762,15.0748,23.0813,0.0000,0,11.98
14.0359,policy,349,0,0.000000,0.000000,5.9013,15.0766,23.0899,0.0000,0,14.48
14.0559,policy,350,0,0.000000,0.000000,5.9189,15.0819,23.1010,0.0000,0,12.60
14.0760,policy,351,0,0.000000,0.000000,5.9388,15.0853,23.1112,0.0000,0,12.15
14.0959,policy,352,0,0.000000,0.000000,5.9567,15.0867,23.1227,0.0000,0,12.72
14.1159,policy,353,0,0.000000,0.000000,5.9774,15.0896,23.1342,0.0000,0,12.69
14.1359,policy,354,0,0.000000,0.000000,5.9947,15.0923,23.1462,0.0000,0,11.90
14.1559,policy,355,0,0.000000,0.000000,6.0140,15.0957,23.1571,0.0000,0,12.35
14.1758,policy,356,0,0.000000,0.000000,6.0277,15.1009,23.1689,0.0000,0,12.82
14.1958,policy,357,0,0.000000,0.000000,6.0406,15.1158,23.1858,0.0000,0,10.86
14.2160,policy,358,0,0.000000,0.000000,6.0411,15.1334,23.2024,0.0000,0,11.21
14.2358,policy,359,0,0.000000,0.000000,6.0122,15.1574,23.2187,0.0000,0,12.73
14.2558,policy,360,0,0.000000,0.000000,5.9689,15.1827,23.2326,0.0000,0,13.24
14.2761,policy,361,0,0.000000,0.000000,5.8458,15.2193,23.2454,0.0000,0,12.03
14.2958,policy,362,0,0.000000,0.000000,5.7194,15.1961,23.2323,0.0000,0,11.91
14.3161,policy,363,0,0.000000,0.000000,5.5749,15.0496,23.1655,0.0000,0,11.89
14.3360,policy,364,0,0.000000,0.000000,5.4211,14.8777,23.0813,0.0000,0,15.83
14.3558,policy,365,0,0.000000,0.000000,5.2905,14.7136,22.9855,0.0000,0,11.07
14.3759,policy,366,0,0.000000,0.000000,5.1675,14.5889,22.8889,0.0000,0,11.07
14.3959,policy,367,0,0.000000,0.000000,5.1245,14.4720,22.7840,0.0000,0,14.26
14.4159,policy,368,0,0.000000,0.000000,5.1241,14.3592,22.6766,0.0000,0,11.98
14.4363,policy,369,0,0.000000,0.000000,5.1428,14.3277,22.5854,0.0000,0,13.94
14.4558,policy,370,0,0.000000,0.000000,5.0628,14.7515,22.6565,0.0000,0,11.89
14.4757,policy,371,0,0.000000,0.000000,4.9480,15.3070,22.7579,0.0000,0,10.95
14.4959,policy,372,0,0.000000,0.000000,4.8488,15.9176,22.8816,0.0000,0,11.56
14.5160,policy,373,0,0.000000,0.000000,4.7751,16.5349,22.9996,0.0000,0,12.01
14.5359,policy,374,0,0.000000,0.000000,4.7426,17.0768,23.0740,0.0000,0,16.84
14.5559,policy,375,0,0.000000,0.000000,4.7640,17.6207,23.1291,0.0000,0,12.84
14.5758,policy,376,0,0.000000,0.000000,4.9343,18.0210,23.1086,0.0000,0,11.96
14.5957,policy,377,0,0.000000,0.000000,5.1461,18.3569,23.0477,0.0000,0,12.89
14.6161,policy,378,0,0.000000,0.000000,5.3427,18.6041,22.9156,0.0000,0,12.92
14.6362,policy,379,0,0.000000,0.000000,5.6052,19.0330,22.8759,0.0000,0,14.25
14.6558,policy,380,0,0.000000,0.000000,5.7503,19.5914,22.8654,0.0000,0,12.64
14.6758,policy,381,0,0.000000,0.000000,5.6583,20.3114,23.0706,0.0000,0,11.29
14.6959,policy,382,0,0.000000,0.000000,5.4500,21.1413,23.4219,0.0000,0,13.09
14.7159,policy,383,0,0.000000,0.000000,5.1098,21.9272,23.8540,0.0000,0,12.66
14.7363,policy,384,0,0.000000,0.000000,4.6624,22.6647,24.2272,0.0000,0,14.11
14.7560,policy,385,0,0.000000,0.000000,4.4532,23.1303,24.4732,0.0000,0,13.73
14.7758,policy,386,0,0.000000,0.000000,4.6720,23.2291,24.5283,0.0000,0,11.95
14.7958,policy,387,0,0.000000,0.000000,5.6392,23.2063,24.5483,0.0000,0,12.23
14.8161,policy,388,0,0.000000,0.000000,6.3640,23.6866,24.7482,0.0000,0,9.89
14.8361,policy,389,0,0.000000,0.000000,6.7201,24.1020,24.8085,0.0000,0,16.26
14.8558,policy,390,0,0.000000,0.000000,6.7903,24.7504,25.0193,0.0000,0,17.69
14.8758,policy,391,0,0.000000,0.000000,6.5347,25.7672,25.3109,0.0000,0,11.98
14.8959,policy,392,0,0.000000,0.000000,6.1842,26.8330,25.6496,0.0000,0,12.93
14.9164,policy,393,0,0.000000,0.000000,5.6777,27.6374,25.8293,0.0000,0,12.18
14.9361,policy,394,0,0.000000,0.000000,5.1607,28.0453,25.9538,0.0000,0,13.86
14.9557,policy,395,0,0.000000,0.000000,4.6204,28.3921,26.0053,0.0000,0,14.62
14.9758,policy,396,0,0.000000,0.000000,4.2792,28.6131,26.0133,0.0000,0,11.18
14.9959,policy,397,0,0.000000,0.000000,3.8577,28.8006,25.9767,0.0000,0,12.26
15.0160,policy,398,0,0.000000,0.000000,3.5003,28.8296,25.8688,0.0000,0,12.96
15.0360,policy,399,0,0.000000,0.000000,3.3839,28.6485,25.8049,0.0000,0,19.97
15.0565,policy,400,0,0.000000,0.000000,3.4211,28.6837,25.8789,0.0000,0,13.79
15.0766,policy,401,0,0.000000,0.000000,3.3396,28.9069,26.1544,0.0000,0,15.44
15.0967,policy,402,0,0.000000,0.000000,3.5148,29.1411,26.5357,0.0000,0,14.38
15.1161,policy,403,0,0.000000,0.000000,3.8312,29.5596,27.2192,0.0000,0,13.26
15.1371,policy,404,0,0.000000,0.000000,4.1070,30.0270,27.9602,0.0000,0,13.77
15.1567,policy,405,0,0.000000,0.000000,4.2114,30.4941,28.7256,0.0000,0,14.90
15.1766,policy,406,0,0.000000,0.000000,4.2076,30.8236,29.4098,0.0000,0,15.25
15.1968,policy,407,0,0.000000,0.000000,4.1479,30.9205,29.9362,0.0000,0,13.19
15.2168,policy,408,0,0.000000,0.000000,3.9608,30.5320,30.2080,0.0000,0,15.11
15.2366,policy,409,0,0.000000,0.000000,3.7303,29.8852,30.2873,0.0000,0,13.37
15.2566,policy,410,0,0.000000,0.000000,3.5361,29.1120,30.2665,0.0000,0,14.23
15.2766,policy,411,0,0.000000,0.000000,3.4292,28.4011,30.2474,0.0000,0,12.19
15.2966,policy,412,0,0.000000,0.000000,3.4652,27.7769,30.2386,0.0000,0,13.40
15.3161,policy,413,0,0.000000,0.000000,3.5072,27.2518,30.2780,0.0000,0,11.23
15.3368,policy,414,0,0.000000,0.000000,3.4687,26.7520,30.2985,0.0000,0,13.86
15.3564,policy,415,0,0.000000,0.000000,3.3762,26.2804,30.2792,0.0000,0,13.19
15.3768,policy,416,0,0.000000,0.000000,3.1739,25.8546,30.2607,0.0000,0,11.80
15.3967,policy,417,0,0.000000,0.000000,2.9223,25.4419,30.2542,0.0000,0,13.22
15.4164,policy,418,0,0.000000,0.000000,2.5885,25.1282,30.2618,0.0000,0,14.15
15.4366,policy,419,0,0.000000,0.000000,2.0475,25.1527,30.2743,0.0000,0,13.37
15.4571,policy,420,0,0.000000,0.000000,2.0687,25.2792,30.2906,0.0000,0,9.20
15.4765,policy,421,0,0.000000,0.000000,1.8769,25.9297,30.1432,0.0000,0,10.88
15.4967,policy,422,0,0.000000,0.000000,1.6084,26.5278,29.9031,0.0000,0,12.25
15.5164,policy,423,0,0.000000,0.000000,1.0328,26.8434,29.4571,0.0000,0,12.13
15.5369,policy,424,0,0.000000,0.000000,0.7709,26.3919,28.7565,0.0000,0,13.91
15.5568,policy,425,0,0.000000,0.000000,1.2054,25.3106,27.9230,0.0000,0,11.81
15.5767,policy,426,0,0.000000,0.000000,1.3259,24.1730,27.0785,0.0000,0,11.96
15.5965,policy,427,0,0.000000,0.000000,1.3314,23.1177,26.2620,0.0000,0,13.30
15.6169,policy,428,0,0.000000,0.000000,1.2212,22.6756,25.6289,0.0000,0,13.18
15.6366,policy,429,0,0.000000,0.000000,1.1192,22.3871,25.0815,0.0000,0,12.94
15.6567,policy,430,0,0.000000,0.000000,1.0091,22.1523,24.5841,0.0000,0,13.76
15.6768,policy,431,0,0.000000,0.000000,1.2514,21.7846,24.1699,0.0000,0,11.96
15.6968,policy,432,0,0.000000,0.000000,1.5562,21.3986,23.8038,0.0000,0,12.05
15.7163,policy,433,0,0.000000,0.000000,1.9306,20.9769,23.5188,0.0000,0,11.11
15.7367,policy,434,0,0.000000,0.000000,2.2892,20.6677,23.2768,0.0000,0,15.48
15.7564,policy,435,0,0.000000,0.000000,2.6011,20.4510,23.0480,0.0000,0,13.46
15.7765,policy,436,0,0.000000,0.000000,2.7964,20.2955,22.8257,0.0000,0,13.64
15.7968,policy,437,0,0.000000,0.000000,2.9442,20.1500,22.5940,0.0000,0,12.25
15.8169,policy,438,0,0.000000,0.000000,3.0003,19.9775,22.3328,0.0000,0,13.21
15.8366,policy,439,0,0.000000,0.000000,2.9895,19.8384,22.0800,0.0000,0,14.03
15.8566,policy,440,0,0.000000,0.000000,2.9492,19.6440,21.8167,0.0000,0,13.35
15.8765,policy,441,0,0.000000,0.000000,2.9126,19.4187,21.5419,0.0000,0,12.23
15.8979,policy,442,0,0.000000,0.000000,2.8743,19.1098,21.2376,0.0000,0,14.01
15.9173,policy,443,0,0.000000,0.000000,2.9319,18.7868,20.9386,0.0000,0,12.87
15.9367,policy,444,0,0.000000,0.000000,3.0079,18.4053,20.6260,0.0000,0,13.44
15.9564,policy,445,0,0.000000,0.000000,3.0782,18.0045,20.3025,0.0000,0,11.93
15.9767,policy,446,0,0.000000,0.000000,3.1899,17.5545,19.9684,0.0000,0,12.12
15.9964,policy,447,0,0.000000,0.000000,3.2780,17.0657,19.6709,0.0000,0,12.11
16.0161,policy,448,0,0.000000,0.000000,3.3447,16.6109,19.3651,0.0000,0,11.43
16.0369,policy,449,0,0.000000,0.000000,3.3527,16.1015,18.9414,0.0000,0,12.67
16.0565,policy,450,0,0.000000,0.000000,3.3695,15.6810,18.5880,0.0000,0,12.83
16.0765,policy,451,0,0.000000,0.000000,3.4839,15.2944,18.4210,0.0000,0,11.99
16.0966,policy,452,0,0.000000,0.000000,3.5668,14.8953,18.2388,0.0000,0,12.06
16.1166,policy,453,0,0.000000,0.000000,3.6575,14.5513,18.0895,0.0000,0,10.09
16.1365,policy,454,0,0.000000,0.000000,3.8028,14.2898,17.9766,0.0000,0,15.47
16.1564,policy,455,0,0.000000,0.000000,3.9964,14.0819,17.8756,0.0000,0,13.50
16.1765,policy,456,0,0.000000,0.000000,4.2368,13.9444,17.8644,0.0000,0,11.10
16.1966,policy,457,0,0.000000,0.000000,4.4391,13.8357,17.9612,0.0000,0,16.38
16.2170,policy,458,0,0.000000,0.000000,4.6213,13.7711,18.0892,0.0000,0,12.11
16.2368,policy,459,0,0.000000,0.000000,4.8689,13.7971,18.2407,0.0000,0,13.14
16.2564,policy,460,0,0.000000,0.000000,5.1221,13.8732,18.4046,0.0000,0,13.53
16.2766,policy,461,0,0.000000,0.000000,5.3575,13.9088,18.5228,0.0000,0,11.49
16.2965,policy,462,0,0.000000,0.000000,5.5742,13.9326,18.6178,0.0000,0,11.47
16.3162,policy,463,0,0.000000,0.000000,5.7502,13.9520,18.7001,0.0000,0,11.27
16.3367,policy,464,0,0.000000,0.000000,5.9117,13.9416,18.7736,0.0000,0,13.59
16.3566,policy,465,0,0.000000,0.000000,6.0220,13.8957,18.8576,0.0000,0,13.07
16.3766,policy,466,0,0.000000,0.000000,6.1508,13.8423,18.9452,0.0000,0,11.32
16.3967,policy,467,0,0.000000,0.000000,6.2694,13.7929,19.0787,0.0000,0,13.13
16.4161,policy,468,0,0.000000,0.000000,6.3885,13.7359,19.2298,0.0000,0,12.26
16.4367,policy,469,0,0.000000,0.000000,6.4947,13.6678,19.3718,0.0000,0,15.61
16.4567,policy,470,0,0.000000,0.000000,6.5958,13.6111,19.5243,0.0000,0,14.20
16.4765,policy,471,0,0.000000,0.000000,6.5301,13.5133,19.5065,0.0000,0,11.36
16.4968,policy,472,0,0.000000,0.000000,6.5189,13.4535,19.5139,0.0000,0,13.58
16.5167,policy,473,0,0.000000,0.000000,6.4318,13.5083,19.5503,0.0000,0,11.86
16.5361,policy,474,0,0.000000,0.000000,6.2062,13.5308,19.5435,0.0000,0,14.21
16.5565,policy,475,0,0.000000,0.000000,5.8745,13.5970,19.5300,0.0000,0,14.04
16.5768,policy,476,0,0.000000,0.000000,5.4313,13.8407,19.5368,0.0000,0,12.16
16.5967,policy,477,0,0.000000,0.000000,4.7677,14.2664,19.5757,0.0000,0,11.10
16.6167,policy,478,0,0.000000,0.000000,4.0939,14.7757,19.6079,0.0000,0,11.84
16.6368,policy,479,0,0.000000,0.000000,3.4398,15.5436,19.7084,0.0000,0,18.06
16.6566,policy,480,0,0.000000,0.000000,2.8455,16.4495,19.8425,0.0000,0,15.05
16.6765,policy,481,0,0.000000,0.000000,2.5753,17.4290,20.0112,0.0000,0,11.96
16.6967,policy,482,0,0.000000,0.000000,2.6183,18.2490,20.3162,0.0000,0,13.42
16.7167,policy,483,0,0.000000,0.000000,3.0357,18.7235,20.5597,0.0000,0,12.03
16.7361,policy,484,0,0.000000,0.000000,3.7581,18.8938,20.6426,0.0000,0,13.20
16.7567,policy,485,0,0.000000,0.000000,4.3968,19.2041,20.7372,0.0000,0,13.84
16.7765,policy,486,0,0.000000,0.000000,4.6279,19.3616,20.6619,0.0000,0,11.21
16.7968,policy,487,0,0.000000,0.000000,4.6185,19.0879,20.3601,0.0000,0,12.17
16.8167,policy,488,0,0.000000,0.000000,4.6185,18.6035,20.0061,0.0000,0,11.07
16.8366,policy,489,0,0.000000,0.000000,4.6181,18.0112,19.6016,0.0000,0,13.22
16.8566,policy,490,0,0.000000,0.000000,4.6190,17.3465,19.1828,0.0000,0,13.31
16.8767,policy,491,0,0.000000,0.000000,4.6339,16.6416,18.7622,0.0000,0,11.92
16.8966,policy,492,0,0.000000,0.000000,4.6266,15.9367,18.3476,0.0000,0,11.04
16.9166,policy,493,0,0.000000,0.000000,4.6124,15.2125,17.9283,0.0000,0,11.32
16.9366,policy,494,0,0.000000,0.000000,4.5670,14.4984,17.5159,0.0000,0,16.14
16.9566,policy,495,0,0.000000,0.000000,4.5092,13.7843,17.1359,0.0000,0,10.27
16.9766,policy,496,0,0.000000,0.000000,4.4534,13.1022,16.7633,0.0000,0,11.94
16.9966,policy,497,0,0.000000,0.000000,4.3694,12.4577,16.4223,0.0000,0,12.05
17.0164,policy,498,0,0.000000,0.000000,4.2950,11.8434,16.1136,0.0000,0,6.48
17.0364,policy,499,0,0.000000,0.000000,4.2094,11.2703,15.8427,0.0000,0,14.60
17.0567,policy,500,0,0.000000,0.000000,4.1267,10.7347,15.6007,0.0000,0,13.47
17.0777,policy,501,0,0.000000,0.000000,4.0375,10.3310,15.4297,0.0000,0,11.00
17.0966,policy,502,0,0.000000,0.000000,3.9447,10.0142,15.3078,0.0000,0,10.88
17.1169,policy,503,0,0.000000,0.000000,3.8492,9.7551,15.2171,0.0000,0,12.11
17.1365,policy,504,0,0.000000,0.000000,3.7744,9.5519,15.1594,0.0000,0,12.05
17.1564,policy,505,0,0.000000,0.000000,3.6962,9.4127,15.1706,0.0000,0,13.64
17.1765,policy,506,0,0.000000,0.000000,3.6135,9.3047,15.1977,0.0000,0,11.51
17.1965,policy,507,0,0.000000,0.000000,3.5431,9.2464,15.2432,0.0000,0,12.19
17.2166,policy,508,0,0.000000,0.000000,3.4839,9.2546,15.3155,0.0000,0,14.22
17.2368,policy,509,0,0.000000,0.000000,3.4211,9.2757,15.3944,0.0000,0,13.43
17.2563,policy,510,0,0.000000,0.000000,3.3657,9.3178,15.4711,0.0000,0,13.23
17.2767,policy,511,0,0.000000,0.000000,3.3247,9.3654,15.5561,0.0000,0,10.53
17.2967,policy,512,0,0.000000,0.000000,3.3016,9.4194,15.6396,0.0000,0,11.85
17.3161,policy,513,0,0.000000,0.000000,3.2957,9.4753,15.7243,0.0000,0,13.26
17.3361,policy,514,0,0.000000,0.000000,3.2930,9.5357,15.8144,0.0000,0,13.67
17.3566,policy,515,0,0.000000,0.000000,3.2870,9.6034,15.8983,0.0000,0,12.65
17.3765,policy,516,0,0.000000,0.000000,3.2877,9.6510,15.9692,0.0000,0,11.10
17.3966,policy,517,0,0.000000,0.000000,3.2882,9.6986,16.0402,0.0000,0,13.60
17.4166,policy,518,0,0.000000,0.000000,3.2891,9.7371,16.1003,0.0000,0,11.29
17.4368,policy,519,0,0.000000,0.000000,3.2900,9.7691,16.1543,0.0000,0,14.35
17.4564,policy,520,0,0.000000,0.000000,3.2907,9.7939,16.2013,0.0000,0,13.31
17.4767,policy,521,0,0.000000,0.000000,3.2909,9.8177,16.2449,0.0000,0,13.32
17.4966,policy,522,0,0.000000,0.000000,3.3057,9.8405,16.2855,0.0000,0,11.98
17.5164,policy,523,0,0.000000,0.000000,3.3240,9.8589,16.3257,0.0000,0,11.76
17.5369,policy,524,0,0.000000,0.000000,3.3462,9.8817,16.3668,0.0000,0,13.61
17.5565,policy,525,0,0.000000,0.000000,3.3535,9.9010,16.4007,0.0000,0,13.05
17.5765,policy,526,0,0.000000,0.000000,3.3572,9.9165,16.4328,0.0000,0,12.00
17.5966,policy,527,0,0.000000,0.000000,3.3608,9.9266,16.4625,0.0000,0,12.13
17.6165,policy,528,0,0.000000,0.000000,3.3610,9.9367,16.4895,0.0000,0,12.15
17.6368,policy,529,0,0.000000,0.000000,3.3610,9.9495,16.5192,0.0000,0,11.38
17.6566,policy,530,0,0.000000,0.000000,3.3573,9.9605,16.5449,0.0000,0,13.86
17.6765,policy,531,0,0.000000,0.000000,3.3577,9.9705,16.5687,0.0000,0,12.22
17.6965,policy,532,0,0.000000,0.000000,3.3582,9.9779,16.5907,0.0000,0,12.17
17.7168,policy,533,0,0.000000,0.000000,3.3584,9.9898,16.6118,0.0000,0,11.85
17.7362,policy,534,0,0.000000,0.000000,3.3584,9.9980,16.6299,0.0000,0,9.78
17.7564,policy,535,0,0.000000,0.000000,3.3584,10.0044,16.6489,0.0000,0,13.60
17.7764,policy,536,0,0.000000,0.000000,3.3584,10.0117,16.6682,0.0000,0,11.54
17.7964,policy,537,0,0.000000,0.000000,3.3584,10.0145,16.6833,0.0000,0,11.23
17.8169,policy,538,0,0.000000,0.000000,3.3584,10.0200,16.6992,0.0000,0,11.43
17.8366,policy,539,0,0.000000,0.000000,3.3584,10.0236,16.7162,0.0000,0,13.97
17.8565,policy,540,0,0.000000,0.000000,3.3584,10.0291,16.7323,0.0000,0,14.06
17.8764,policy,541,0,0.000000,0.000000,3.3584,10.0319,16.7486,0.0000,0,12.09
17.8966,policy,542,0,0.000000,0.000000,3.3584,10.0337,16.7655,0.0000,0,11.49
17.9171,policy,543,0,0.000000,0.000000,3.3584,10.0374,16.7814,0.0000,0,12.04
17.9361,policy,544,0,0.000000,0.000000,3.3547,10.0401,16.7983,0.0000,0,13.22
17.9567,policy,545,0,0.000000,0.000000,3.3511,10.0429,16.8158,0.0000,0,12.85
17.9764,policy,546,0,0.000000,0.000000,3.3511,10.0465,16.8305,0.0000,0,10.99
17.9966,policy,547,0,0.000000,0.000000,3.3474,10.0465,16.8431,0.0000,0,12.15
18.0207,policy,548,0,0.000000,0.000000,3.3474,10.0484,16.8573,0.0000,0,13.17
18.0417,policy,550,0,0.000000,0.000000,3.3436,10.0484,16.8665,0.0000,0,21.03
18.0624,policy,551,0,0.000000,0.000000,3.3436,10.0511,16.8796,0.0000,0,12.86
18.0826,policy,552,0,0.000000,0.000000,3.3436,10.0539,16.8902,0.0000,0,11.50
18.1018,policy,553,0,0.000000,0.000000,3.3436,10.0566,16.9001,0.0000,0,12.20
18.1219,policy,554,0,0.000000,0.000000,3.3436,10.0630,16.9125,0.0000,0,10.31
18.1428,policy,555,0,0.000000,0.000000,3.3436,10.0667,16.9221,0.0000,0,13.59
18.1625,policy,556,0,0.000000,0.000000,3.3436,10.0731,16.9324,0.0000,0,12.94
18.1823,policy,557,0,0.000000,0.000000,3.3436,10.0767,16.9419,0.0000,0,13.34
18.2026,policy,558,0,0.000000,0.000000,3.3436,10.0804,16.9529,0.0000,0,12.35
18.2224,policy,559,0,0.000000,0.000000,3.3436,10.0868,16.9627,0.0000,0,16.14
18.2418,policy,560,0,0.000000,0.000000,3.3436,10.0868,16.9717,0.0000,0,13.54
18.2628,policy,561,0,0.000000,0.000000,3.3436,10.0914,16.9815,0.0000,0,12.92
18.2825,policy,562,0,0.000000,0.000000,3.3436,10.0923,16.9894,0.0000,0,10.82
18.3019,policy,563,0,0.000000,0.000000,3.3436,10.0960,16.9981,0.0000,0,13.85
18.3226,policy,564,0,0.000000,0.000000,3.3436,10.0978,17.0070,0.0000,0,12.27
18.3419,policy,565,0,0.000000,0.000000,3.3436,10.0870,17.0100,0.0000,0,13.57
18.3619,policy,566,0,0.000000,0.000000,3.3436,10.0795,17.0151,0.0000,0,13.90
18.3825,policy,567,0,0.000000,0.000000,3.3436,10.0747,17.0246,0.0000,0,11.87
18.4023,policy,568,0,0.000000,0.000000,3.3436,10.0698,17.0298,0.0000,0,15.25
18.4225,policy,569,0,0.000000,0.000000,3.3436,10.0636,17.0379,0.0000,0,13.60
18.4418,policy,570,0,0.000000,0.000000,3.3436,10.0590,17.0448,0.0000,0,11.39
18.4624,policy,571,0,0.000000,0.000000,3.3436,10.0551,17.0528,0.0000,0,14.72
18.4826,policy,572,0,0.000000,0.000000,3.3436,10.0526,17.0600,0.0000,0,14.10
18.5028,policy,573,0,0.000000,0.000000,3.3436,10.0510,17.0672,0.0000,0,12.11
18.5224,policy,574,0,0.000000,0.000000,3.3436,10.0510,17.0722,0.0000,0,12.05
18.5418,policy,575,0,0.000000,0.000000,3.3436,10.0523,17.0762,0.0000,0,14.51
18.5626,policy,576,0,0.000000,0.000000,3.3436,10.0552,17.0803,0.0000,0,11.94
18.5826,policy,577,0,0.000000,0.000000,3.3436,10.0575,17.0839,0.0000,0,11.08
18.6026,policy,578,0,0.000000,0.000000,3.3436,10.0630,17.0887,0.0000,0,18.95
18.6226,policy,579,0,0.000000,0.000000,3.3436,10.0633,17.0895,0.0000,0,19.03
18.6426,policy,580,0,0.000000,0.000000,3.3436,10.0665,17.0918,0.0000,0,14.02
18.6624,policy,581,0,0.000000,0.000000,3.3436,10.0701,17.0939,0.0000,0,14.11
18.6818,policy,582,0,0.000000,0.000000,3.3436,10.0729,17.0955,0.0000,0,11.27
18.7025,policy,583,0,0.000000,0.000000,3.3399,10.0741,17.0958,0.0000,0,13.99
18.7226,policy,583,0,0.000000,0.000000,3.3326,10.0750,17.0960,0.0000,0,13.87
18.7427,policy,583,0,0.000000,0.000000,3.3289,10.0750,17.0960,0.0000,0,14.40
18.7624,policy,583,0,0.000000,0.000000,3.3222,10.0769,17.0966,0.0000,0,15.17
18.7819,policy,583,0,0.000000,0.000000,3.3155,10.0787,17.0973,0.0000,0,13.46
18.8027,policy,583,0,0.000000,0.000000,3.3155,10.0787,17.0977,0.0000,0,11.96
18.8226,policy,583,0,0.000000,0.000000,3.3118,10.0796,17.0982,0.0000,0,13.68
18.8425,policy,583,0,0.000000,0.000000,3.3118,10.0805,17.0996,0.0000,0,14.05
18.8624,policy,583,0,0.000000,0.000000,3.3087,10.0814,17.1004,0.0000,0,12.05
18.8825,policy,583,0,0.000000,0.000000,3.3087,10.0824,17.1015,0.0000,0,12.14
18.9026,policy,583,0,0.000000,0.000000,3.3057,10.0851,17.1026,0.0000,0,7.91
18.9218,policy,583,0,0.000000,0.000000,3.2990,10.0860,17.1030,0.0000,0,12.03
18.9424,policy,583,0,0.000000,0.000000,3.2959,10.0879,17.1045,0.0000,0,11.68
18.9624,policy,583,0,0.000000,0.000000,3.2928,10.0879,17.1054,0.0000,0,14.99
18.9826,policy,583,0,0.000000,0.000000,3.2898,10.0906,17.1076,0.0000,0,11.29
19.0024,policy,583,0,0.000000,0.000000,3.2836,10.0906,17.1088,0.0000,0,12.96
19.0219,policy,583,0,0.000000,0.000000,3.2775,10.0924,17.1107,0.0000,0,12.14
19.0425,policy,583,0,0.000000,0.000000,3.2745,10.0924,17.1122,0.0000,0,12.39
19.0623,policy,583,0,0.000000,0.000000,3.2616,10.0915,17.1123,0.0000,0,13.07
19.0820,policy,583,0,0.000000,0.000000,3.2555,10.0869,17.1124,0.0000,0,10.21
19.1026,policy,583,0,0.000000,0.000000,3.2457,10.0869,17.1136,0.0000,0,10.36
19.1224,policy,583,0,0.000000,0.000000,3.2359,10.0869,17.1141,0.0000,0,11.53
19.1418,policy,583,0,0.000000,0.000000,3.2298,10.0860,17.1153,0.0000,0,13.70
19.1622,policy,583,0,0.000000,0.000000,3.2169,10.0851,17.1169,0.0000,0,11.96
19.1826,policy,583,0,0.000000,0.000000,3.2108,10.0824,17.1180,0.0000,0,10.29
19.2024,policy,583,0,0.000000,0.000000,3.2016,10.0814,17.1200,0.0000,0,11.87
19.2226,policy,583,0,0.000000,0.000000,3.1925,10.0805,17.1219,0.0000,0,13.31
19.2423,policy,583,0,0.000000,0.000000,3.1833,10.0805,17.1246,0.0000,0,18.02
19.2624,policy,583,0,0.000000,0.000000,3.1674,10.0741,17.1231,0.0000,0,12.06
19.2826,policy,583,0,0.000000,0.000000,3.1552,10.0732,17.1236,0.0000,0,11.97
19.3025,policy,583,0,0.000000,0.000000,3.1399,10.0705,17.1239,0.0000,0,12.03
19.3218,policy,583,0,0.000000,0.000000,3.1277,10.0696,17.1238,0.0000,0,10.97
19.3424,policy,583,0,0.000000,0.000000,3.1124,10.0641,17.1220,0.0000,0,12.21
19.3623,policy,583,0,0.000000,0.000000,3.1002,10.0641,17.1226,0.0000,0,13.29
19.3818,policy,583,0,0.000000,0.000000,3.0911,10.0586,17.1213,0.0000,0,12.31
19.4027,policy,583,0,0.000000,0.000000,3.0789,10.0549,17.1202,0.0000,0,12.55
19.4224,policy,583,0,0.000000,0.000000,3.0665,10.0512,17.1193,0.0000,0,12.08
19.4424,policy,583,0,0.000000,0.000000,3.0572,10.0476,17.1181,0.0000,0,14.43
19.4628,policy,583,0,0.000000,0.000000,3.0478,10.0430,17.1168,0.0000,0,13.29
19.4824,policy,583,0,0.000000,0.000000,3.0414,10.0403,17.1158,0.0000,0,13.87
19.5023,policy,583,0,0.000000,0.000000,3.0349,10.0357,17.1141,0.0000,0,14.69
19.5224,policy,583,0,0.000000,0.000000,3.0317,10.0329,17.1131,0.0000,0,12.29
19.5423,policy,583,0,0.000000,0.000000,3.0316,10.0293,17.1120,0.0000,0,12.49
19.5623,policy,583,0,0.000000,0.000000,3.0283,10.0238,17.1101,0.0000,0,12.00
19.5825,policy,583,0,0.000000,0.000000,3.0282,10.0192,17.1080,0.0000,0,12.10
19.6025,policy,583,0,0.000000,0.000000,3.0249,10.0174,17.1070,0.0000,0,12.14
19.6226,policy,583,0,0.000000,0.000000,3.0249,10.0146,17.1063,0.0000,0,13.42
19.6424,policy,583,0,0.000000,0.000000,3.0249,10.0119,17.1052,0.0000,0,13.07
19.6624,policy,583,0,0.000000,0.000000,3.0249,10.0100,17.1041,0.0000,0,11.19
19.6824,policy,583,0,0.000000,0.000000,3.0217,10.0045,17.1017,0.0000,0,13.32
19.7025,policy,583,0,0.000000,0.000000,3.0217,10.0036,17.1020,0.0000,0,11.25
19.7220,policy,583,0,0.000000,0.000000,3.0217,10.0009,17.1006,0.0000,0,13.20
19.7424,policy,583,0,0.000000,0.000000,3.0217,9.9991,17.1003,0.0000,0,13.87
19.7624,policy,583,0,0.000000,0.000000,3.0217,9.9981,17.1003,0.0000,0,11.85
19.7825,policy,583,0,0.000000,0.000000,3.0217,9.9972,17.0996,0.0000,0,12.14
19.8023,policy,583,0,0.000000,0.000000,3.0214,9.9936,17.0981,0.0000,0,12.05
19.8226,policy,583,0,0.000000,0.000000,3.0212,9.9917,17.0977,0.0000,0,11.79
19.8425,policy,583,0,0.000000,0.000000,3.0178,9.9917,17.0974,0.0000,0,13.16
19.8624,policy,583,0,0.000000,0.000000,3.0146,9.9881,17.0957,0.0000,0,11.82
19.8826,policy,583,0,0.000000,0.000000,3.0112,9.9890,17.0957,0.0000,0,11.26
19.9023,policy,583,0,0.000000,0.000000,3.0049,9.9872,17.0940,0.0000,0,12.11
19.9224,policy,583,0,0.000000,0.000000,3.0019,9.9872,17.0941,0.0000,0,13.53
19.9425,policy,583,0,0.000000,0.000000,2.9950,9.9844,17.0920,0.0000,0,12.95
19.9624,policy,583,0,0.000000,0.000000,2.9950,9.9853,17.0927,0.0000,0,11.04
19.9824,policy,583,0,0.000000,0.000000,2.9948,9.9835,17.0920,0.0000,0,13.12
20.0025,policy,583,0,0.000000,0.000000,2.9916,9.9835,17.0917,0.0000,0,13.21
20.0224,policy,583,0,0.000000,0.000000,2.9916,9.9826,17.0913,0.0000,0,12.08
20.0425,policy,583,0,0.000000,0.000000,2.9914,9.9807,17.0903,0.0000,0,12.36
20.0625,policy,583,0,0.000000,0.000000,2.9914,9.9807,17.0906,0.0000,0,9.26
20.0824,policy,583,0,0.000000,0.000000,2.9914,9.9807,17.0903,0.0000,0,11.96
20.1023,policy,583,0,0.000000,0.000000,2.9914,9.9807,17.0899,0.0000,0,11.27
20.1226,policy,583,0,0.000000,0.000000,2.9914,9.9789,17.0892,0.0000,0,11.63
20.1418,policy,583,0,0.000000,0.000000,2.9914,9.9780,17.0885,0.0000,0,10.03
20.1624,policy,583,0,0.000000,0.000000,2.9884,9.9780,17.0882,0.0000,0,8.97
20.1825,policy,583,0,0.000000,0.000000,2.9884,9.9780,17.0882,0.0000,0,13.11
20.2024,policy,583,0,0.000000,0.000000,2.9884,9.9780,17.0885,0.0000,0,10.92
20.2225,policy,583,0,0.000000,0.000000,2.9853,9.9789,17.0882,0.0000,0,13.45
20.2425,policy,583,0,0.000000,0.000000,2.9762,9.9780,17.0867,0.0000,0,13.14
20.2623,policy,583,0,0.000000,0.000000,2.9577,9.9771,17.0845,0.0000,0,12.96
20.2824,policy,583,0,0.000000,0.000000,2.9334,9.9771,17.0815,0.0000,0,13.36
20.3025,policy,583,0,0.000000,0.000000,2.9016,9.9753,17.0770,0.0000,0,5.71
20.3224,policy,583,0,0.000000,0.000000,2.8801,9.9743,17.0738,0.0000,0,13.05
20.3423,policy,583,0,0.000000,0.000000,2.8650,9.9725,17.0706,0.0000,0,13.62
20.3625,policy,583,0,0.000000,0.000000,2.8558,9.9707,17.0690,0.0000,0,13.41
20.3826,policy,583,0,0.000000,0.000000,2.8467,9.9688,17.0674,0.0000,0,11.99
20.4025,policy,583,0,0.000000,0.000000,2.8407,9.9643,17.0654,0.0000,0,11.82
20.4226,policy,583,0,0.000000,0.000000,2.8376,9.9606,17.0637,0.0000,0,12.08
20.4418,policy,583,0,0.000000,0.000000,2.8376,9.9560,17.0612,0.0000,0,13.03
20.4625,policy,583,0,0.000000,0.000000,2.8346,9.9533,17.0595,0.0000,0,11.72
20.4823,policy,583,0,0.000000,0.000000,2.8346,9.9487,17.0570,0.0000,0,11.16
20.5023,policy,583,0,0.000000,0.000000,2.8346,9.9405,17.0535,0.0000,0,12.42
20.5218,policy,583,0,0.000000,0.000000,2.8346,9.9350,17.0506,0.0000,0,14.01
20.5426,policy,583,0,0.000000,0.000000,2.8383,9.9267,17.0474,0.0000,0,11.97
20.5622,policy,583,0,0.000000,0.000000,2.8383,9.9212,17.0453,0.0000,0,11.89
20.5823,policy,583,0,0.000000,0.000000,2.8383,9.9176,17.0432,0.0000,0,12.13
20.6026,policy,583,0,0.000000,0.000000,2.8352,9.9167,17.0418,0.0000,0,12.11
20.6224,policy,583,0,0.000000,0.000000,2.8227,9.9157,17.0403,0.0000,0,13.42
20.6418,policy,583,0,0.000000,0.000000,2.8131,9.9121,17.0369,0.0000,0,13.69
20.6624,policy,583,0,0.000000,0.000000,2.7972,9.9057,17.0325,0.0000,0,11.77
20.6823,policy,583,0,0.000000,0.000000,2.7816,9.8984,17.0267,0.0000,0,12.07
20.7024,policy,583,0,0.000000,0.000000,2.7662,9.8901,17.0217,0.0000,0,11.13
20.7227,policy,583,0,0.000000,0.000000,2.7538,9.8810,17.0180,0.0000,0,13.67
20.7423,policy,583,0,0.000000,0.000000,2.7442,9.8727,17.0157,0.0000,0,13.00
20.7621,policy,583,0,0.000000,0.000000,2.7404,9.8627,17.0125,0.0000,0,12.09
20.7824,policy,583,0,0.000000,0.000000,2.7395,9.8508,17.0081,0.0000,0,9.35
20.8023,policy,583,0,0.000000,0.000000,2.7381,9.8379,17.0027,0.0000,0,12.21
20.8223,policy,583,0,0.000000,0.000000,2.7333,9.8297,16.9983,0.0000,0,12.54
20.8425,policy,583,0,0.000000,0.000000,2.7313,9.8205,16.9942,0.0000,0,13.36
20.8622,policy,583,0,0.000000,0.000000,2.7253,9.8114,16.9908,0.0000,0,11.90
20.8825,policy,583,0,0.000000,0.000000,2.7228,9.8086,16.9902,0.0000,0,12.19
20.9024,policy,583,0,0.000000,0.000000,2.7200,9.7986,16.9860,0.0000,0,12.19
20.9223,policy,583,0,0.000000,0.000000,2.7176,9.7931,16.9833,0.0000,0,13.64
20.9423,policy,583,0,0.000000,0.000000,2.7158,9.7848,16.9807,0.0000,0,13.57
20.9624,policy,583,0,0.000000,0.000000,2.7108,9.7757,16.9781,0.0000,0,12.11
20.9823,policy,583,0,0.000000,0.000000,2.6942,9.7720,16.9761,0.0000,0,12.20
21.0023,policy,583,0,0.000000,0.000000,2.6782,9.7665,16.9731,0.0000,0,12.23
21.0227,policy,583,0,0.000000,0.000000,2.6605,9.7555,16.9672,0.0000,0,12.11
21.0421,policy,583,0,0.000000,0.000000,2.6422,9.7491,16.9640,0.0000,0,14.92
21.0622,policy,583,0,0.000000,0.000000,2.6239,9.7400,16.9597,0.0000,0,12.38
21.0823,policy,583,0,0.000000,0.000000,2.6054,9.7354,16.9572,0.0000,0,11.34
21.1021,policy,583,0,0.000000,0.000000,2.5841,9.7326,16.9559,0.0000,0,12.29
21.1223,policy,583,0,0.000000,0.000000,2.5658,9.7308,16.9569,0.0000,0,12.28
21.1426,policy,583,0,0.000000,0.000000,2.5477,9.7272,16.9566,0.0000,0,12.66
21.1636,policy,583,0,0.000000,0.000000,2.5357,9.7262,16.9586,0.0000,0,10.87
21.1823,policy,583,0,0.000000,0.000000,2.5206,9.7262,16.9572,0.0000,0,9.96
21.2024,policy,583,0,0.000000,0.000000,2.5056,9.7226,16.9539,0.0000,0,12.19
21.2221,policy,583,0,0.000000,0.000000,2.4935,9.7134,16.9492,0.0000,0,14.00
