t_s,wall_time,phase,frame,roll,base_ang_vel_x,base_ang_vel_y,base_ang_vel_z,base_quat_x,base_quat_y,base_quat_z,base_quat_w,left_hip_pitch_joint__pos_meas,left_hip_pitch_joint__vel_meas,left_hip_pitch_joint__tgt,left_hip_roll_joint__pos_meas,left_hip_roll_joint__vel_meas,left_hip_roll_joint__tgt,left_hip_yaw_joint__pos_meas,left_hip_yaw_joint__vel_meas,left_hip_yaw_joint__tgt,left_knee_joint__pos_meas,left_knee_joint__vel_meas,left_knee_joint__tgt,left_ankle_pitch_joint__pos_meas,left_ankle_pitch_joint__vel_meas,left_ankle_pitch_joint__tgt,left_ankle_roll_joint__pos_meas,left_ankle_roll_joint__vel_meas,left_ankle_roll_joint__tgt,right_hip_pitch_joint__pos_meas,right_hip_pitch_joint__vel_meas,right_hip_pitch_joint__tgt,right_hip_roll_joint__pos_meas,right_hip_roll_joint__vel_meas,right_hip_roll_joint__tgt,right_hip_yaw_joint__pos_meas,right_hip_yaw_joint__vel_meas,right_hip_yaw_joint__tgt,right_knee_joint__pos_meas,right_knee_joint__vel_meas,right_knee_joint__tgt,right_ankle_pitch_joint__pos_meas,right_ankle_pitch_joint__vel_meas,right_ankle_pitch_joint__tgt,right_ankle_roll_joint__pos_meas,right_ankle_roll_joint__vel_meas,right_ankle_roll_joint__tgt,waist_yaw_joint__pos_meas,waist_yaw_joint__vel_meas,waist_yaw_joint__tgt,waist_pitch_joint__pos_meas,waist_pitch_joint__vel_meas,waist_pitch_joint__tgt,waist_roll_joint__pos_meas,waist_roll_joint__vel_meas,waist_roll_joint__tgt,left_shoulder_pitch_joint__pos_meas,left_shoulder_pitch_joint__vel_meas,left_shoulder_pitch_joint__tgt,left_shoulder_roll_joint__pos_meas,left_shoulder_roll_joint__vel_meas,left_shoulder_roll_joint__tgt,left_shoulder_yaw_joint__pos_meas,left_shoulder_yaw_joint__vel_meas,left_shoulder_yaw_joint__tgt,left_elbow_joint__pos_meas,left_elbow_joint__vel_meas,left_elbow_joint__tgt,left_wrist_yaw_joint__pos_meas,left_wrist_yaw_joint__vel_meas,left_wrist_yaw_joint__tgt,left_wrist_pitch_joint__pos_meas,left_wrist_pitch_joint__vel_meas,left_wrist_pitch_joint__tgt,left_wrist_roll_joint__pos_meas,left_wrist_roll_joint__vel_meas,left_wrist_roll_joint__tgt,right_shoulder_pitch_joint__pos_meas,right_shoulder_pitch_joint__vel_meas,right_shoulder_pitch_joint__tgt,right_shoulder_roll_joint__pos_meas,right_shoulder_roll_joint__vel_meas,right_shoulder_roll_joint__tgt,right_shoulder_yaw_joint__pos_meas,right_shoulder_yaw_joint__vel_meas,right_shoulder_yaw_joint__tgt,right_elbow_joint__pos_meas,right_elbow_joint__vel_meas,right_elbow_joint__tgt,right_wrist_yaw_joint__pos_meas,right_wrist_yaw_joint__vel_meas,right_wrist_yaw_joint__tgt,right_wrist_pitch_joint__pos_meas,right_wrist_pitch_joint__vel_meas,right_wrist_pitch_joint__tgt,right_wrist_roll_joint__pos_meas,right_wrist_roll_joint__vel_meas,right_wrist_roll_joint__tgt,head_yaw_joint__pos_meas,head_yaw_joint__vel_meas,head_yaw_joint__tgt,head_pitch_joint__pos_meas,head_pitch_joint__vel_meas,head_pitch_joint__tgt,pelvis_roll,pelvis_ang_vel_x,pelvis_ang_vel_y,pelvis_ang_vel_z,obs_ang_vel_x,obs_ang_vel_y,obs_ang_vel_z
0.0000,1786562720.6721,ramp,0,0.006724,-0.0005364218910455439,7.05178854164718e-05,0.003927093702390292,0.0030273562297225,0.3768419325351715,-0.001054044347256422,0.9262720346450806,-2.2843525409698486,-0.0061054229736328125,-2.284345004006461,0.14486360549926758,-0.0061054229736328125,0.1448630816747109,-1.5934958457946777,0.0061054229736328125,-1.5934900836891708,0.5584568977355957,-0.0061054229736328125,0.5584563247839249,0.5036177635192871,0.0061054229736328125,0.5036152192327013,0.3458118438720703,0.0061054229736328125,0.3458105934371175,-2.3010339736938477,0.0061054229736328125,-2.3010263764093213,-0.02272176742553711,-0.0061054229736328125,-0.022721685277341627,-1.546518325805664,0.0061054229736328125,-1.5465127336181974,0.4815669059753418,0.0061054229736328125,0.48156661105109205,-0.06145429611206055,-0.0061054229736328125,-0.061454797098024476,0.3312397003173828,0.0061054229736328125,0.331238502544769,-0.13201618194580078,-0.0061054229736328125,-0.13201570458754128,0.26829687512106265,1.9672321581128297e-05,0.2682959049843336,0.019885534329456084,0.0058085356556276885,0.01988546242993092,0.10478830337524414,-0.0061054229736328125,0.10478864764189108,0.816162109375,-0.0061054229736328125,0.8161598813121859,-0.5116710662841797,0.0061054229736328125,-0.5116692160937355,-0.9175949096679688,-0.0061054229736328125,-0.9175926764800573,0.32050132751464844,0.0061054229736328125,0.320500168568392,0.5468454360961914,-0.0073261260986328125,0.5468434586590732,-1.5459299087524414,-0.0073261260986328125,-1.5459243186127736,0.16039466857910156,0.0061054229736328125,0.16039481175772147,0.1314411163330078,-0.0061054229736328125,0.13143991784558412,-0.37783336639404297,0.0061054229736328125,-0.37783200017219387,-0.9737763404846191,0.0061054229736328125,-0.9737739041365714,-1.1444292068481445,0.0061054229736328125,-1.1444250686091415,-0.02155303955078125,0.0073261260986328125,-0.021552961659013565,1.547837257385254,-0.0073261260986328125,1.5478316605296836,0.015100479125976562,0.0030689239501953125,0.015100424522644032,0.0,0.0,5.4285335574847865e-27,0.06193495914340019,-0.005036173388361931,0.0006412510992959142,0.011574605479836464,-0.005036173388361931,0.0006412510992959142,0.011574605479836464
0.0209,1786562720.6929,ramp,0,0.006710,-0.0009474417941504938,0.010739879530773861,-0.006706343128713114,0.0030227159149944782,0.37685245275497437,-0.0010559626389294863,0.9262678623199463,-2.2843525409698486,-0.07936477661132812,-2.2756405433148,0.14486360549926758,-0.0061054229736328125,0.1442581151877752,-1.5946459770202637,0.0061054229736328125,-1.5868354114681948,0.558840274810791,0.128204345703125,0.5577946212516256,0.49805736541748047,-0.5555553436279297,0.500676815337666,0.33104753494262695,-0.75091552734375,0.34436646251404857,-2.3010339736938477,0.0061054229736328125,-2.2922522506614533,-0.02272176742553711,-0.0061054229736328125,-0.022626812090130656,-1.546518325805664,0.0061054229736328125,-1.5400543002306146,0.4815669059753418,-0.0061054229736328125,0.4812260021869391,-0.06145429611206055,0.03052520751953125,-0.06203338722853031,0.3229942321777344,-1.1416358947753906,0.3298551915084608,-0.13201618194580078,-0.0061054229736328125,-0.13146440216081295,0.26829687512106265,1.9672321581128297e-05,0.2671754912859366,0.019885534329456084,0.0058085356556276885,0.01980242546154409,0.10478830337524414,-0.0061054229736328125,0.10518624218249924,0.816162109375,-0.0061054229736328125,0.813586685160432,-0.5116710662841797,0.0061054229736328125,-0.5095324258287884,-0.9175949096679688,-0.0061054229736328125,-0.9150135613387205,0.32050132751464844,0.018314361572265625,0.3191616982038851,0.5468454360961914,-0.0073261260986328125,0.5445597108444841,-1.542496681213379,0.4322338104248047,-1.5394682502339363,0.16039466857910156,0.0061054229736328125,0.16056016915759644,0.13124942779541016,-0.05494499206542969,0.13005578127330017,-0.37783336639404297,0.018314361572265625,-0.3762541466296108,-0.9737763404846191,0.0061054229736328125,-0.9709601587696008,-1.1444292068481445,0.0061054229736328125,-1.1396458044835693,-0.02155303955078125,0.0073261260986328125,-0.021463004232507153,1.544785499572754,-0.373626708984375,1.541367835935766,0.015100479125976562,0.009205818176269531,0.01503736297687228,0.0,0.0,6.2748575508120984e-24,0.061927687376737595,-0.006735028699040413,0.011841021478176117,0.00163713947404176,-0.006735028699040413,0.011841021478176117,0.00163713947404176
0.0412,1786562720.7134,ramp,0,0.006971,-0.012730581002337784,-0.033679743707687344,0.05369792875408056,0.0030387130100280046,0.3767387270927429,-0.0008459935779683292,0.9263141751289368,-2.2843525409698486,-0.018314361572265625,-2.267180871354873,0.14486360549926758,-0.0061054229736328125,0.14367016169961389,-1.5979056358337402,-0.04273414611816406,-1.5803678833829427,0.5599908828735352,-0.018314361572265625,0.5571515262895977,0.48444318771362305,-0.5311355590820312,0.4978210458743625,0.31302356719970703,-0.5555553436279297,0.3429629437540578,-2.302567481994629,-0.018314361572265625,-2.2837248727811414,-0.02272176742553711,-0.0061054229736328125,-0.02253460694727024,-1.5482439994812012,0.05494499206542969,-1.5337774923077148,0.48041677474975586,0.0061054229736328125,0.4808949719991485,-0.06087923049926758,-0.018314361572265625,-0.06259570612187881,0.308229923248291,-0.5677661895751953,0.3285107822451822,-0.1323995590209961,-0.0061054229736328125,-0.13092860358051714,0.26829687512106265,1.9672321581128297e-05,0.266086586104605,0.019885534329456084,0.0058085356556276885,0.019721723676794537,0.10478830337524414,-0.03052520751953125,0.10557265548319056,0.816162109375,-0.0061054229736328125,0.811085852989033,-0.5116710662841797,0.0061054229736328125,-0.5074557268431827,-0.9175949096679688,-0.018314361572265625,-0.9125069766328476,0.32050132751464844,0.0061054229736328125,0.31786086859330875,0.5468454360961914,-0.021978378295898438,0.5423401870813251,-1.5375375747680664,0.13919448852539062,-1.533193740810493,0.16039466857910156,-0.018314361572265625,0.16072087634080295,0.1297154426574707,-0.128204345703125,0.12871056968994757,-0.3772578239440918,0.05494499206542969,-0.3747206658266188,-0.9737763404846191,0.0061054229736328125,-0.9682255421601953,-1.1444292068481445,0.018314361572265625,-1.1350009438604503,-0.02155303955078125,0.0073261260986328125,-0.021375576608262437,1.543259620666504,-0.0659332275390625,1.5350857884192055,0.015100479125976562,0.0030689239501953125,0.014976074861569972,0.0,0.0,1.23679763252847e-23,0.062304653227329254,-0.008376832120120525,-0.03395179286599159,0.06214079633355141,-0.008376832120120525,-0.03395179286599159,0.06214079633355141
0.0608,1786562720.7327,ramp,0,0.007670,-0.0515570676492255,-0.08254124916710251,0.06370801892238864,0.0030280339997261763,0.37638363242149353,-0.0001516397314844653,0.9264589548110962,-2.283968925476074,0.07936477661132812,-2.2589892109782603,0.14505529403686523,0.018314361572265625,0.1431008352156702,-1.598097324371338,0.0061054229736328125,-1.5741052536023132,0.5599908828735352,-0.03052520751953125,0.5565288052734878,0.4771571159362793,-0.2991447448730469,0.4950557502851131,0.303436279296875,-0.22588539123535156,0.34160388999068364,-2.302567481994629,0.09157562255859375,-2.275467651481138,-0.02272176742553711,-0.0061054229736328125,-0.022445322963344207,-1.5492029190063477,0.05494499206542969,-1.5276995404678337,0.47773218154907227,0.0061054229736328125,0.48057442920675264,-0.05972862243652344,-0.018314361572265625,-0.06314021014277746,0.3007521629333496,-0.27472496032714844,0.3272089653255525,-0.13297510147094727,-0.0061054229736328125,-0.13040977968038892,0.26910522625558936,1.9872612820918057e-05,0.2650321786204785,0.02016341738006913,0.005809691367537494,0.01964357861211752,0.10478830337524414,-0.04273414611816406,0.10594682679140008,0.816162109375,-0.018314361572265625,0.8086642498933047,-0.5116710662841797,0.03052520751953125,-0.5054448199338935,-0.9179782867431641,0.0061054229736328125,-0.9100798032491767,0.32050132751464844,0.0061054229736328125,0.3166012506757157,0.5464639663696289,-0.021978378295898438,0.5401909802383478,-1.534104347229004,0.10988998413085938,-1.5271180146511127,0.16039466857910156,-0.0061054229736328125,0.16087649214613747,0.12741422653198242,-0.11599540710449219,0.127407975868614,-0.37610769271850586,0.07936477661132812,-0.37323576735872666,-0.9737763404846191,0.0061054229736328125,-0.9655775611710261,-1.143662452697754,0.04273414611816406,-1.1305032374598318,-0.02155303955078125,0.0073261260986328125,-0.021290918785980516,1.542496681213379,-0.0073261260986328125,1.5290027629816743,0.015100479125976562,0.0030689239501953125,0.014916728420235443,0.0,0.0,1.8268058488195534e-23,0.06268749386072159,-0.049581702798604965,-0.07794320583343506,0.08115579187870026,-0.049581702798604965,-0.07794320583343506,0.08115579187870026
0.0801,1786562720.7524,ramp,0,0.007846,-0.047367307720907185,-0.1389981670374239,0.05593889974878737,0.002802752424031496,0.3755173981189728,0.0005832903552800417,0.9268109202384949,-2.282243251800537,0.09157562255859375,-2.2509567685363088,0.14543867111206055,0.018314361572265625,0.14254257449651087,-1.598097324371338,0.0061054229736328125,-1.56796434798179,0.5586485862731934,-0.018314361572265625,0.5559181878297302,0.47159671783447266,-0.2625160217285156,0.4923442026092542,0.29825878143310547,-0.20146560668945312,0.3402712515965202,-2.30084228515625,0.07936477661132812,-2.267370922396507,-0.02272176742553711,-0.03052520751953125,-0.022357774355503783,-1.5482439994812012,0.09157562255859375,-1.5217397232788563,0.4765815734863281,-0.04273414611816406,0.4802601166728184,-0.05953693389892578,-0.05494499206542969,-0.06367413086289997,0.2963414192199707,-0.1770458221435547,0.3259324512861351,-0.13316679000854492,-0.0061054229736328125,-0.12990103994708807,0.2702816254579046,0.02349341671564418,0.2639982652210912,0.020716699825563692,0.03498637927915749,0.019566952420932537,0.10344600677490234,-0.06715583801269531,0.10631372548573607,0.816162109375,-0.0061054229736328125,0.8062897145012824,-0.5110955238342285,0.05494499206542969,-0.5034729981953965,-0.9195122718811035,-0.018314361572265625,-0.9076998058366086,0.32050132751464844,0.0061054229736328125,0.3153661154336829,0.5457010269165039,-0.05128288269042969,0.5380835466451104,-1.5310516357421875,0.16849899291992188,-1.5211603798829993,0.1588606834411621,0.0061054229736328125,0.16102908331104665,0.12492179870605469,-0.11599540710449219,0.12613070002781174,-0.3751487731933594,0.07936477661132812,-0.37177973025182465,-0.9739680290222168,0.0061054229736328125,-0.9629810478996006,-1.1432790756225586,0.0061054229736328125,-1.1260929511292472,-0.02117156982421875,0.0073261260986328125,-0.021207906422982415,1.542496681213379,-0.0073261260986328125,1.5230379708084778,0.015100479125976562,0.0030689239501953125,0.014858535471280273,0.0,0.0,2.4053463179981406e-23,0.061961762607097626,-0.08634728193283081,-0.1535150706768036,0.07921575754880905,-0.08634728193283081,-0.1535150706768036,0.07921575754880905
0.1009,1786562720.7728,ramp,0,0.007732,-0.018237878502432053,-0.1400214034625028,0.03316809220563428,0.0025844930205494165,0.3742274343967438,0.0010330938966944814,0.9273327589035034,-2.2801342010498047,0.128204345703125,-2.242305571414822,0.14582204818725586,0.0061054229736328125,0.14194130986728604,-1.5979056358337402,0.04273414611816406,-1.5613503964456892,0.5574984550476074,-0.0061054229736328125,0.555260533335479,0.4677615165710449,-0.15262603759765625,0.48942377913685614,0.2936573028564453,-0.10378456115722656,0.3388359574723626,-2.298924446105957,0.10378456115722656,-2.258650486507097,-0.02329730987548828,-0.018314361572265625,-0.022263481707954457,-1.5463266372680664,0.07936477661132812,-1.5153208097687416,0.47600650787353516,-0.018314361572265625,0.47992159203246526,-0.059920310974121094,-0.04273414611816406,-0.06424918053557499,0.29250669479370117,-0.06715583801269531,0.3245576048850371,-0.13335847854614258,-0.0061054229736328125,-0.12935311100167401,0.27175073332135447,0.04672145489755502,0.2628847074596401,0.021089458123527263,-0.005572527079112691,0.0194844235650583,0.10172033309936523,-0.10378456115722656,0.10670888710080581,0.816162109375,-0.0061054229736328125,0.8037322640250688,-0.5103287696838379,0.05494499206542969,-0.5013492831894755,-0.92047119140625,-0.05494499206542969,-0.9051364725897724,0.32050132751464844,0.0061054229736328125,0.3140358353192918,0.5445566177368164,-0.0659332275390625,0.535813773339258,-1.5295257568359375,0.08058547973632812,-1.5147438169098766,0.15771007537841797,-0.03052520751953125,0.161193428870466,0.12281274795532227,-0.07936477661132812,0.12475503314228505,-0.37399816513061523,0.06715583801269531,-0.37021153177184324,-0.9741597175598145,-0.0061054229736328125,-0.960184520155768,-1.143087387084961,0.03052520751953125,-1.1213429318563037,-0.02079010009765625,0.0073261260986328125,-0.021118499456047164,1.542496681213379,-0.0073261260986328125,1.5166136990814238,0.015100479125976562,0.0030689239501953125,0.014795859806172188,0.0,0.0,3.028452885868501e-23,0.060938965529203415,-0.028974711894989014,-0.18520301580429077,0.03860443830490112,-0.028974711894989014,-0.18520301580429077,0.03860443830490112
0.1209,1786562720.7928,ramp,0,0.008033,0.009129994490631758,-0.13341508283866818,0.041277711088764386,0.0025888450909405947,0.37310048937797546,0.0013306086184456944,0.9277864098548889,-2.277449607849121,0.11599540710449219,-2.2339676464256293,0.14601373672485352,-0.0061054229736328125,0.14136181788406904,-1.5971388816833496,0.05494499206542969,-1.5549759454863876,0.5571146011352539,-0.0061054229736328125,0.5546266934443205,0.4652690887451172,-0.07936477661132812,0.48660910834533566,0.29135608673095703,-0.03052520751953125,0.3374526373865292,-2.296624183654785,0.11599540710449219,-2.2502458299840846,-0.023488998413085938,-0.0061054229736328125,-0.02217260353106654,-1.5449838638305664,0.09157562255859375,-1.509134334231555,0.4754314422607422,-0.03052520751953125,0.47959532585003745,-0.06049537658691406,-0.03052520751953125,-0.06480340684304357,0.2905893325805664,-0.05494499206542969,0.32323254362437687,-0.13335847854614258,-0.0061054229736328125,-0.12882502334142135,0.27321699197415367,0.05125611787590911,0.2618114732059605,0.02054898347063723,-0.04626715063535317,0.01940488319624457,0.09980297088623047,-0.10378456115722656,0.1070897393526724,0.8163537979125977,-0.018314361572265625,0.8012674224621266,-0.5086030960083008,0.09157562255859375,-0.49930247091955127,-0.921046257019043,-0.0061054229736328125,-0.9026659612796852,0.3201179504394531,0.0061054229736328125,0.31275372653681355,0.5437936782836914,-0.05128288269042969,0.5336261917478424,-1.52685546875,0.10988998413085938,-1.5085596067933997,0.1575183868408203,-0.018314361572265625,0.16135182324381142,0.12166213989257812,-0.05494499206542969,0.12342918110810237,-0.3732314109802246,0.03052520751953125,-0.36870011998563196,-0.9741597175598145,0.0061054229736328125,-0.9574892586525523,-1.142320156097412,0.04273414611816406,-1.1167649175261642,-0.02079010009765625,0.0073261260986328125,-0.021032330042340713,1.542496681213379,-0.0073261260986328125,1.5104220593559423,0.015100479125976562,-0.0030689239501953125,0.01473545371589584,0.0,0.0,3.628995880117589e-23,0.06094955652952194,0.03850877657532692,-0.19231906533241272,0.02825615555047989,0.03850877657532692,-0.19231906533241272,0.02825615555047989
0.1403,1786562720.8122,ramp,0,0.008780,0.02088142374660718,-0.16928168751725792,0.041716820579437215,0.00278830761089921,0.3718492090702057,0.001579833566211164,0.9282876253128052,-2.2749571800231934,0.15262603759765625,-2.2258723091080808,0.14620542526245117,-0.0061054229736328125,0.14079918592431437,-1.5956048965454102,0.07936477661132812,-1.548786955924044,0.5569229125976562,-0.0061054229736328125,0.5540112948012652,0.46411848068237305,-0.04273414611816406,0.4838763289638056,0.29001379013061523,-0.018314361572265625,0.3361095642925068,-2.2945146560668945,0.14041519165039062,-2.2420857026526315,-0.023488998413085938,-0.0061054229736328125,-0.02208436940834834,-1.542874813079834,0.128204345703125,-1.503127851042368,0.474855899810791,-0.0061054229736328125,0.4792785522156517,-0.06068754196166992,-0.018314361572265625,-0.0653415082189894,0.2898221015930176,-0.0061054229736328125,0.32194603434474617,-0.13355016708374023,-0.0061054229736328125,-0.12831230012209263,0.27519545354806707,0.1166630625441134,0.2607694641550822,0.01955374884563758,-0.057640610718162046,0.019327657013861785,0.0978856086730957,-0.10378456115722656,0.10745951090266886,0.8159704208374023,-0.018314361572265625,0.7988742942063323,-0.5059185028076172,0.15262603759765625,-0.4973152096078686,-0.9212379455566406,-0.0061054229736328125,-0.9002673282351451,0.3201179504394531,0.0061054229736328125,0.3115089200549363,0.5430307388305664,-0.08058547973632812,0.5315022567262246,-1.524566650390625,0.10988998413085938,-1.5025553231136635,0.15655994415283203,-0.06715583801269531,0.1615056092137134,0.12051153182983398,-0.04273414611816406,0.12214190406210125,-0.372464656829834,0.04273414611816406,-0.36723268195387243,-0.9741597175598145,0.0061054229736328125,-0.9548724144070336,-1.1415534019470215,0.05494499206542969,-1.11232009818621,-0.02079010009765625,0.0073261260986328125,-0.020948667683742705,1.542496681213379,-0.0073261260986328125,1.5044105622278825,0.015004396438598633,-0.0030689239501953125,0.014676805109983076,0.0,0.0,4.212066382483405e-23,0.061659667640924454,0.047057099640369415,-0.29562631249427795,0.021722327917814255,0.047057099640369415,-0.29562631249427795,0.021722327917814255
0.1610,1786562720.8328,ramp,0,0.009773,0.03457000517058721,-0.17955573023910645,0.0445740761787128,0.00309554859995842,0.37036335468292236,0.0018109770026057959,0.9288800358772278,-2.271122455596924,0.1892547607421875,-2.2172535130086666,0.14620542526245117,-0.0061054229736328125,0.1402001731902029,-1.5936875343322754,0.10378456115722656,-1.5421977753863025,0.5565395355224609,-0.0061054229736328125,0.553356103397091,0.46316003799438477,-0.03052520751953125,0.4809668432499696,0.28943872451782227,0.0061054229736328125,0.3346796457245806,-2.2916383743286133,0.15262603759765625,-2.233397927102798,-0.023488998413085938,0.0061054229736328125,-0.021990429911711146,-1.5403823852539062,0.15262603759765625,-1.4967329780616039,0.47466421127319336,-0.018314361572265625,0.4789412954396403,-0.061070919036865234,-0.018314361572265625,-0.06591440417849909,0.28943872451782227,0.0061054229736328125,0.3205763371071641,-0.13355016708374023,-0.0061054229736328125,-0.127766423315545,0.27871414782215853,0.1773820942827853,0.2596600769620622,0.018106612071156585,-0.07496765758161941,0.019245437250387496,0.09539318084716797,-0.14041519165039062,0.10785319253294207,0.8157782554626465,-0.04273414611816406,0.7963264220587781,-0.5032343864440918,0.10378456115722656,-0.49519944847651726,-0.9212379455566406,-0.018314361572265625,-0.8977135953495007,0.3201179504394531,0.0061054229736328125,0.3101836221915265,0.5411233901977539,-0.08058547973632812,0.5292409843219177,-1.52227783203125,0.09523773193359375,-1.4961627918665086,0.15502595901489258,-0.07936477661132812,0.16166933925553176,0.1195530891418457,-0.04273414611816406,0.12077138941302175,-0.3718891143798828,0.04273414611816406,-0.3656703567920976,-0.9741597175598145,-0.0061054229736328125,-0.9520863603994807,-1.140594482421875,0.05494499206542969,-1.1075878689921588,-0.02079010009765625,0.0073261260986328125,-0.020859595569553073,1.542496681213379,-0.0073261260986328125,1.4980103510981193,0.014908552169799805,-0.0030689239501953125,0.014614364181822954,0.0,0.0,4.8328392514014777e-23,0.062496114522218704,0.06800735741853714,-0.3700661361217499,0.015690883621573448,0.06800735741853714,-0.3700661361217499,0.015690883621573448
0.1808,1786562720.8528,ramp,0,0.011010,0.046342182115930025,-0.18904225958186177,0.04290667102021418,0.0035031591542065144,0.36875617504119873,0.002038555685430765,0.9295173287391663,-2.267479419708252,0.1892547607421875,-2.208982484405674,0.14620542526245117,-0.0061054229736328125,0.13962533055554194,-1.591578483581543,0.10378456115722656,-1.5358744675751754,0.5565395355224609,-0.018314361572265625,0.5527273488956671,0.4625844955444336,-0.018314361572265625,0.478174754972029,0.2892470359802246,0.0061054229736328125,0.3333074242172089,-2.288762092590332,0.16483497619628906,-2.225060702362798,-0.023488998413085938,0.0061054229736328125,-0.021900280863668374,-1.5376977920532227,0.15262603759765625,-1.4905961375184105,0.47428083419799805,-0.0061054229736328125,0.4786176469382989,-0.06145429611206055,-0.018314361572265625,-0.06646418384760681,0.2892470359802246,0.0061054229736328125,0.3192619070059287,-0.13355016708374023,-0.0061054229736328125,-0.12724257257948074,0.2831870794371797,0.22874601408052955,0.2585954534230641,0.016751478470573483,-0.09243431432145002,0.019166535045533933,0.09251689910888672,-0.15262603759765625,0.10823098915173937,0.8155865669250488,-0.06715583801269531,0.7938813562785793,-0.5011253356933594,0.128204345703125,-0.49316905807945294,-0.9212379455566406,-0.0061054229736328125,-0.895262905311364,0.3201179504394531,0.0061054229736328125,0.30891179995448664,0.5392160415649414,-0.09523773193359375,0.5270709540161247,-1.5203704833984375,0.10988998413085938,-1.4900281985682249,0.15330028533935547,-0.10378456115722656,0.1618264628077574,0.11878585815429688,-0.03052520751953125,0.119456174882755,-0.37169742584228516,0.05494499206542969,-0.3641710712827105,-0.9743514060974121,-0.018314361572265625,-0.9494127233717385,-1.139444351196289,0.05494499206542969,-1.1030465847375543,-0.02079010009765625,0.0073261260986328125,-0.02077411750559916,1.5421152114868164,-0.0073261260986328125,1.4918683877996655,0.014908552169799805,0.0030689239501953125,0.014554442738404094,0.0,0.0,5.428564001767908e-23,0.06325913220643997,0.08734384179115295,-0.4339749813079834,0.005480329040437937,0.08734384179115295,-0.4339749813079834,0.005480329040437937
0.2008,1786562720.8728,ramp,0,0.012508,0.053971814066249194,-0.2033771735576472,0.05269851929837948,0.00403078505769372,0.36706846952438354,0.002231702208518982,0.9301825165748596,-2.2634520530700684,0.22588539123535156,-2.20063883707708,0.14620542526245117,-0.0061054229736328125,0.13904544086548395,-1.58966064453125,0.14041519165039062,-1.5294956418137582,0.5563478469848633,-0.018314361572265625,0.5520930739985584,0.46239280700683594,0.0061054229736328125,0.47535815246469304,0.2892470359802246,0.018314361572265625,0.33192315475523687,-2.285886764526367,0.1892547607421875,-2.216650277702362,-0.02329730987548828,0.018314361572265625,-0.021809340316853533,-1.5350136756896973,0.14041519165039062,-1.484405416187125,0.47389745712280273,-0.018314361572265625,0.4782911568385495,-0.06183767318725586,-0.04273414611816406,-0.06701879052201806,0.2892470359802246,0.018314361572265625,0.3179359363523116,-0.13355016708374023,-0.0061054229736328125,-0.1267141224913064,0.2882470533964569,0.25211809190345796,0.25752148260595137,0.015211435289313617,-0.08675096566391421,0.019086940087960174,0.08983230590820312,-0.16483497619628906,0.10861210278348758,0.8155865669250488,0.0061054229736328125,0.7914148230885225,-0.4984407424926758,0.10378456115722656,-0.4911208410769947,-0.9212379455566406,-0.0061054229736328125,-0.8927906984830001,0.31992626190185547,0.0061054229736328125,0.30762881125744795,0.5376901626586914,-0.0659332275390625,0.5248818710818274,-1.5177001953125,0.13919448852539062,-1.4838397442124132,0.1513824462890625,-0.09157562255859375,0.16198496588756933,0.11801910400390625,-0.03052520751953125,0.11812941291290555,-0.37169742584228516,0.03052520751953125,-0.36265862221069656,-0.9749264717102051,-0.04273414611816406,-0.9467156121036095,-1.1384849548339844,0.03052520751953125,-1.0984654285043862,-0.02079010009765625,0.0073261260986328125,-0.02068788895360209,1.5421152114868164,-0.05128288269042969,1.485672498735889,0.014812707901000977,0.0030689239501953125,0.014493995191272367,0.0,0.0,6.029519150221103e-23,0.06426333636045456,0.08693531155586243,-0.4720524847507477,0.013654486276209354,0.08693531155586243,-0.4720524847507477,0.013654486276209354
0.2214,1786562720.8933,ramp,0,0.014255,0.05398867520490075,-0.23533697085136115,0.05241538782380122,0.004662062041461468,0.3652207851409912,0.00242610857822001,0.9309060573577881,-2.2586584091186523,0.22588539123535156,-2.1920617927533796,0.14620542526245117,-0.0061054229736328125,0.1384493299108131,-1.5865931510925293,0.1770458221435547,-1.522938381045875,0.555964469909668,-0.03052520751953125,0.551441056518473,0.4622011184692383,0.0061054229736328125,0.4724627610853284,0.2892470359802246,0.0061054229736328125,0.330500163098987,-2.2814760208129883,0.22588539123535156,-2.2080045880833272,-0.022913455963134766,-0.0061054229736328125,-0.021715855888505345,-1.5332880020141602,0.07936477661132812,-1.4780415216979426,0.47332239151000977,0.0061054229736328125,0.4779555338254335,-0.06279659271240234,-0.04273414611816406,-0.06758891121879579,0.2892470359802246,0.03052520751953125,0.31657287429801956,-0.1337418556213379,-0.0061054229736328125,-0.12617089005941753,0.2934535628694936,0.22413628823832465,0.25641746958407186,0.013851160185512697,-0.05198702344589361,0.019005118619222668,0.08561420440673828,-0.21367454528808594,0.10900387731363446,0.8153948783874512,0.0061054229736328125,0.7888792935216751,-0.49671506881713867,0.07936477661132812,-0.4890153292639009,-0.921046257019043,0.018314361572265625,-0.8902493365690604,0.31992626190185547,-0.0061054229736328125,0.30630993349477015,0.5361642837524414,-0.10988998413085938,0.5226315528916778,-1.5150299072265625,0.124542236328125,-1.47747818011285,0.14984893798828125,-0.09157562255859375,0.16214790277685168,0.11763572692871094,-0.018314361572265625,0.11676553740687817,-0.3715057373046875,0.03052520751953125,-0.3611038653738936,-0.9762687683105469,-0.06715583801269531,-0.9439430544940113,-1.1377177238464355,0.03052520751953125,-1.0937561235064355,-0.02040863037109375,0.0073261260986328125,-0.020599248328786506,1.5413522720336914,-0.05128288269042969,1.4793032919571427,0.014716863632202148,0.0030689239501953125,0.014431856743829718,0.0,0.0,6.647284827729442e-23,0.06534430384635925,0.0532681941986084,-0.47149011492729187,0.02250051498413086,0.0532681941986084,-0.47149011492729187,0.02250051498413086
0.2425,1786562720.9146,ramp,0,0.016249,0.06321521344623708,-0.2502184653513717,0.05900300806335645,0.005369511898607016,0.3629036843776703,0.0027033891528844833,0.9318072199821472,-2.2538652420043945,0.23809432983398438,-2.1832755226595806,0.14620542526245117,-0.0061054229736328125,0.1378386776096308,-1.5827579498291016,0.21367454528808594,-1.516221164484117,0.5557727813720703,-0.03052520751953125,0.5507731339253624,0.4620094299316406,0.0061054229736328125,0.4694967404229357,0.2892470359802246,0.0061054229736328125,0.3290424594237844,-2.276491165161133,0.25030517578125,-2.1991479981820614,-0.02272176742553711,-0.0061054229736328125,-0.02162009102988593,-1.5319457054138184,0.09157562255859375,-1.4715223883321644,0.4731302261352539,0.0061054229736328125,0.47761172372819716,-0.06337165832519531,-0.03052520751953125,-0.06817293926376139,0.2892470359802246,0.03052520751953125,0.315176562128975,-0.13393354415893555,-0.018314361572265625,-0.12561440618336966,0.29931862284319444,0.2660382633176576,0.2552865256095256,0.0122129783480647,-0.10469192236401226,0.018921301222848432,0.08139562606811523,-0.1892547607421875,0.10940520867066499,0.8153948783874512,0.018314361572265625,0.7862819130297057,-0.49594831466674805,0.07936477661132812,-0.4868584562459538,-0.9198956489562988,0.03052520751953125,-0.8876459814575253,0.31954288482666016,-0.018314361572265625,0.3049588834353025,0.5342569351196289,-0.10988998413085938,0.5203263411346385,-1.51312255859375,0.09523773193359375,-1.4709614339834955,0.14754772186279297,-0.11599540710449219,0.16231481429828593,0.11706018447875977,-0.03052520751953125,0.11536839194300778,-0.3711223602294922,0.0061054229736328125,-0.35951118227902085,-0.977419376373291,-0.06715583801269531,-0.9411028639704258,-1.136950969696045,0.04273414611816406,-1.0889319411768963,-0.02040863037109375,0.0073261260986328125,-0.020508445431947006,1.540970802307129,-0.05128288269042969,1.47277871671545,0.014716863632202148,0.0030689239501953125,0.014368202510292435,0.0,0.0,7.280120090369799e-23,0.06658203899860382,0.10632149875164032,-0.5359559655189514,0.022259142249822617,0.10632149875164032,-0.5359559655189514,0.022259142249822617
0.2608,1786562720.9327,ramp,0,0.017766,0.05961289275893061,-0.27207940598869385,0.044913167325696335,0.005925089120864868,0.3609168231487274,0.0028901405166834593,0.9325747489929199,-2.249263286590576,0.25030517578125,-2.175615111483619,0.14620542526245117,0.0061054229736328125,0.13730627333993906,-1.5785398483276367,0.22588539123535156,-1.5103646815543061,0.5553889274597168,-0.03052520751953125,0.550190797889443,0.4620094299316406,0.0061054229736328125,0.46691078101265526,0.2892470359802246,0.018314361572265625,0.3277715436192905,-2.2720813751220703,0.25030517578125,-2.1914262778688607,-0.02272176742553711,-0.0061054229736328125,-0.021536597330579988,-1.530411720275879,0.10378456115722656,-1.465838606527183,0.4731302261352539,0.0061054229736328125,0.477311968919483,-0.06413888931274414,-0.04273414611816406,-0.06868213086781724,0.2896304130554199,0.03052520751953125,0.31395917121898814,-0.13450908660888672,-0.03052520751953125,-0.125129229281475,0.3049624100457307,0.31734836694412066,0.25430049902833574,0.010294067639402058,-0.11069141270539233,0.01884822405664814,0.07794427871704102,-0.1770458221435547,0.10975511405484277,0.8153948783874512,0.03052520751953125,0.7840173568145552,-0.49498939514160156,0.06715583801269531,-0.48497796156556916,-0.9189372062683105,0.018314361572265625,-0.8853762162012223,0.318967342376709,-0.018314361572265625,0.30378095481891115,0.5327310562133789,-0.08058547973632812,0.5183165156093517,-1.5112152099609375,0.08058547973632812,-1.4652797335181933,0.14543867111206055,-0.14041519165039062,0.1624603380382281,0.1164851188659668,-0.03052520751953125,0.1141502745152918,-0.37073850631713867,0.04273414611816406,-0.3581225831067352,-0.9781861305236816,-0.06715583801269531,-0.9386266110216245,-1.1356086730957031,0.10378456115722656,-1.0847259220313934,-0.02002716064453125,0.021978378295898438,-0.02042927787639349,1.540207862854004,-0.0659332275390625,1.4670901903480282,0.01462101936340332,0.0030689239501953125,0.014312704830756,0.0,0.0,7.831864831507911e-23,0.0679977759718895,0.09440387040376663,-0.6080277562141418,0.01955709606409073,0.09440387040376663,-0.6080277562141418,0.01955709606409073
0.2810,1786562720.9531,ramp,0,0.019473,0.057713459690458845,-0.2747359424655615,0.03799491563680778,0.006592819932848215,0.3585186004638672,0.003009848529472947,0.9334944486618042,-2.2442779541015625,0.27472496032714844,-2.1671960294898462,0.14639711380004883,0.0061054229736328125,0.13672114088459053,-1.5743212699890137,0.22588539123535156,-1.5039281850205515,0.5550055503845215,-0.03052520751953125,0.5495507885320184,0.4620094299316406,0.0061054229736328125,0.46406871368655156,0.28943872451782227,0.0061054229736328125,0.3263747590186423,-2.2674789428710938,0.25030517578125,-2.182939814811391,-0.022530078887939453,-0.0061054229736328125,-0.02144483459300971,-1.5283026695251465,0.128204345703125,-1.4595919150700694,0.47293853759765625,0.0061054229736328125,0.47698252703253685,-0.06490564346313477,-0.05494499206542969,-0.06924175172453303,0.29001379013061523,0.03052520751953125,0.3126212125044722,-0.135467529296875,-0.05494499206542969,-0.12459600149190754,0.3114847161062107,0.28924051052403227,0.2532168184732857,0.008371840336405425,-0.1226920466200199,0.01876790948345089,0.0744924545288086,-0.16483497619628906,0.1101396733235018,0.8153948783874512,0.03052520751953125,0.7815285237719256,-0.4938387870788574,0.06715583801269531,-0.4829112266946404,-0.9179782867431641,0.03052520751953125,-0.8828816582250922,0.31858396530151367,-0.018314361572265625,0.30248636665955353,0.5312042236328125,-0.0659332275390625,0.5161076412419201,-1.51007080078125,0.05128288269042969,-1.459035329532211,0.14237022399902344,-0.16483497619628906,0.16262027413962934,0.11552619934082031,-0.05494499206542969,0.11281151733027722,-0.36997175216674805,0.06715583801269531,-0.35659646002803636,-0.9791450500488281,-0.05494499206542969,-0.9359051152514365,-1.133882999420166,0.11599540710449219,-1.0801033477021607,-0.02002716064453125,0.021978378295898438,-0.020342269734644765,1.539444923400879,-0.03663063049316406,1.4608382844371095,0.01462101936340332,-0.0030689239501953125,0.014251710779164145,0.0,0.0,8.43825319742897e-23,0.06945282965898514,0.10478121042251587,-0.5837844610214233,0.033631689846515656,0.10478121042251587,-0.5837844610214233,0.033631689846515656
0.3007,1786562720.9727,ramp,0,0.021050,0.0569309522219771,-0.276599888912508,0.037731999219378906,0.007228792179375887,0.35604918003082275,0.003094386076554656,0.934434175491333,-2.239675998687744,0.25030517578125,-2.1589986855424983,0.14678096771240234,0.0061054229736328125,0.1361514193882569,-1.570486068725586,0.20146560668945312,-1.4976612100769502,0.5548138618469238,-0.03052520751953125,0.5489276354571095,0.4620094299316406,0.0061054229736328125,0.46130149946879906,0.2896304130554199,0.018314361572265625,0.32501476231112225,-2.262685775756836,0.2625160217285156,-2.1746768644529078,-0.021955013275146484,-0.0061054229736328125,-0.021355488661710997,-1.525618076324463,0.15262603759765625,-1.4535097462012072,0.47293853759765625,0.0061054229736328125,0.4766617618398521,-0.06567239761352539,-0.05494499206542969,-0.06978663353540053,0.29039764404296875,0.04273414611816406,0.3113184923529935,-0.13642644882202148,-0.05494499206542969,-0.12407681761929508,0.3179317841579436,0.31713977905737273,0.2521616794159195,0.006721663913156992,-0.11114806363516225,0.018689710199850926,0.07238340377807617,-0.10378456115722656,0.11051410424075267,0.8159704208374023,0.018314361572265625,0.7791052405098017,-0.49249696731567383,0.07936477661132812,-0.48089892456983485,-0.9172115325927734,0.018314361572265625,-0.8804528008102261,0.31820058822631836,0.0061054229736328125,0.3012258747887928,0.529296875,-0.124542236328125,0.5139569432276104,-1.5089263916015625,0.05128288269042969,-1.4529553878880805,0.13911056518554688,-0.21367454528808594,0.16277599791494754,0.11418437957763672,-0.06715583801269531,0.11150801973806167,-0.3692049980163574,0.03052520751953125,-0.35511053130191944,-0.9799118041992188,-0.05494499206542969,-0.9332552970294516,-1.1313905715942383,0.128204345703125,-1.0756025206848052,-0.01964569091796875,0.021978378295898438,-0.02025755317473224,1.538681983947754,-0.08058547973632812,1.4547510384504132,0.014525175094604492,0.0030689239501953125,0.014192323161843096,0.0,0.0,9.028670775592704e-23,0.07056589424610138,0.08849716931581497,-0.6117067337036133,0.036477234214544296,0.08849716931581497,-0.6117067337036133,0.036477234214544296
0.3202,1786562720.9922,ramp,0,0.022670,0.06708977993716611,-0.2511982589611687,0.0398285852711114,0.007883986458182335,0.3534657955169678,0.0031908333767205477,0.9354087710380554,-2.2346901893615723,0.22588539123535156,-2.150871946434136,0.14697265625,0.018314361572265625,0.13558660498070393,-1.5660762786865234,0.22588539123535156,-1.4914482134414042,0.5546221733093262,-0.018314361572265625,0.5483098496844391,0.4620094299316406,0.0061054229736328125,0.4585581196436913,0.2902059555053711,0.018314361572265625,0.32366647944032456,-2.2573165893554688,0.21367454528808594,-2.166485084010359,-0.021763324737548828,-0.0061054229736328125,-0.021266912279077562,-1.522550106048584,0.1770458221435547,-1.4474799638805291,0.47255516052246094,-0.018314361572265625,0.4763437594414246,-0.06701469421386719,-0.06715583801269531,-0.07032682220507865,0.2911643981933594,0.05494499206542969,0.3100269927074654,-0.13834381103515625,-0.10378456115722656,-0.12356210554803264,0.32459533051205575,0.3309881358962953,0.2511156284148472,0.00442297081796066,-0.11720515617041347,0.018612184457322673,0.0704660415649414,-0.07936477661132812,0.11088531013355736,0.8159704208374023,-0.0061054229736328125,0.7767028293161964,-0.4907712936401367,0.09157562255859375,-0.4789039546770823,-0.9164443016052246,0.03052520751953125,-0.878044863474815,0.3180088996887207,-0.0061054229736328125,0.299976239706054,0.52777099609375,-0.08058547973632812,0.5118247694679842,-1.507781982421875,0.0659332275390625,-1.4469278136087438,0.13489246368408203,-0.22588539123535156,0.16293038042019664,0.11265039443969727,-0.07936477661132812,0.11021574934799948,-0.36824607849121094,0.05494499206542969,-0.353637401082139,-0.9806790351867676,-0.018314361572265625,-0.9306283020524238,-1.12908935546875,0.14041519165039062,-1.0711404599030632,-0.01926422119140625,0.021978378295898438,-0.02017356629007923,1.537919044494629,-0.03663063049316406,1.4487162227418073,0.014525175094604492,0.0030689239501953125,0.014133447058152032,0.0,0.0,9.614003006806418e-23,0.0725482925772667,0.10492291301488876,-0.602586567401886,0.08170358836650848,0.10492291301488876,-0.602586567401886,0.08170358836650848
0.3424,1786562721.0144,ramp,0,0.024633,0.08361164851061101,-0.10564646027760169,0.09011924908178777,0.008604639209806919,0.3520090878009796,0.00343934609554708,0.9359506964683533,-2.2316226959228516,0.15262603759765625,-2.141627751204996,0.14773941040039062,0.018314361572265625,0.1349441265423007,-1.5616660118103027,0.1892547607421875,-1.4843809072204028,0.5532798767089844,-0.018314361572265625,0.5476071161259722,0.4620094299316406,0.0061054229736328125,0.4554375151364189,0.29078102111816406,0.05494499206542969,0.32213280278163425,-2.255016326904297,0.07936477661132812,-2.1571669040275343,-0.02099609375,-0.0061054229736328125,-0.021166156322372606,-1.5192904472351074,0.1770458221435547,-1.4406210646076067,0.47198009490966797,-0.018314361572265625,0.4759820305591262,-0.0700826644897461,-0.0061054229736328125,-0.0709412887772781,0.29212331771850586,0.03052520751953125,0.3085579071735956,-0.14102792739868164,-0.15262603759765625,-0.1229766186989901,0.32832803132443134,0.09785280581289234,0.2499257416048226,0.0023044127386197748,-0.11737224319255198,0.0185239986438421,0.06989097595214844,-0.0061054229736328125,0.11130755818379479,0.8159704208374023,-0.0061054229736328125,0.7739700778646937,-0.4907712936401367,0.018314361572265625,-0.47663466918397646,-0.9145269393920898,0.10378456115722656,-0.8753058260169528,0.3172416687011719,-0.03052520751953125,0.298554775264291,0.5258636474609375,-0.08058547973632812,0.5093994140783723,-1.506256103515625,0.09523773193359375,-1.4400714259908611,0.13259172439575195,-0.09157562255859375,0.16310599108019905,0.11188316345214844,-0.03052520751953125,0.10874578708942507,-0.3670954704284668,0.07936477661132812,-0.35196171011088767,-0.9806790351867676,0.018314361572265625,-0.9276400857322233,-1.1260218620300293,0.15262603759765625,-1.066064849570221,-0.01888275146484375,0.021978378295898438,-0.020078030903983107,1.537156105041504,-0.05128288269042969,1.4418515979718505,0.014429330825805664,0.0030689239501953125,0.014066475276531614,0.0,0.0,1.0279820544086602e-22,0.07580413669347763,0.18841955065727234,-0.23249933123588562,0.1728912591934204,0.18841955065727234,-0.23249933123588562,0.1728912591934204
0.3607,1786562721.0327,ramp,0,0.027784,0.10713014893277686,-0.14887153717327006,0.09049833341820374,0.009710130281746387,0.35090163350105286,0.003929770551621914,0.9363538026809692,-2.2285547256469727,0.1892547607421875,-2.1339800244716187,0.14812278747558594,-0.0061054229736328125,0.13441260385079523,-1.5584063529968262,0.21367454528808594,-1.4785341217101902,0.5525131225585938,-0.03052520751953125,0.547025744347433,0.4620094299316406,0.0061054229736328125,0.4528558376703986,0.29135608673095703,0.05494499206542969,0.3208639914149024,-2.253098487854004,0.11599540710449219,-2.149457969675258,-0.020612716674804688,-0.0061054229736328125,-0.02108280087557174,-1.516606330871582,0.21367454528808594,-1.4349466942561766,0.47159671783447266,-0.018314361572265625,0.47568277209748444,-0.07104158401489258,-0.0061054229736328125,-0.07144963723969078,0.29269838333129883,0.05494499206542969,0.30734253207251855,-0.14409637451171875,-0.14041519165039062,-0.12249224517414843,0.33045017631114265,0.1304878512046004,0.24894134772940638,-0.00018433129077064964,-0.15851042586331135,0.01845104248199753,0.06969928741455078,-0.03052520751953125,0.11165688417939229,0.8159704208374023,-0.0061054229736328125,0.7717092714003894,-0.4909629821777344,0.018314361572265625,-0.4747572883086156,-0.9124178886413574,0.06715583801269531,-0.8730398191368534,0.3162832260131836,-0.03052520751953125,0.2973787971134243,0.52471923828125,-0.08058547973632812,0.5073929165097572,-1.50396728515625,0.10988998413085938,-1.4343991335327373,0.13086557388305664,-0.128204345703125,0.16325127385559224,0.11169147491455078,-0.03052520751953125,0.10752968667361851,-0.3653697967529297,0.07936477661132812,-0.3505754102416119,-0.9806790351867676,0.0061054229736328125,-0.9251679330709434,-1.123145580291748,0.16483497619628906,-1.0618657949344725,-0.01888275146484375,0.0073261260986328125,-0.019998994437517365,1.535630226135254,-0.124542236328125,1.4361724909142335,0.014333486557006836,0.0030689239501953125,0.01401106949247095,0.0,0.0,1.0830651682243162e-22,0.08082017302513123,0.23761959373950958,-0.31674718856811523,0.13985109329223633,0.23761959373950958,-0.31674718856811523,0.13985109329223633
0.3807,1786562721.0527,ramp,0,0.031296,0.11472920446483055,-0.10457677665863616,0.0926092381219846,0.010991924442350864,0.3498195707798004,0.004349687602370977,0.9367425441741943,-2.2254867553710938,0.16483497619628906,-2.1256632409148444,0.1483149528503418,0.0061054229736328125,0.1338345812128429,-1.5541882514953613,0.20146560668945312,-1.4721758336480526,0.5519375801086426,-0.04273414611816406,0.5463935116047246,0.4620094299316406,0.0061054229736328125,0.4500483036871843,0.29212331771850586,0.09157562255859375,0.3194841788406076,-2.2513723373413086,0.07936477661132812,-2.1410746237874587,-0.020229339599609375,-0.0061054229736328125,-0.02099215312709826,-1.5133461952209473,0.1770458221435547,-1.428775904990412,0.4714045524597168,0.0061054229736328125,0.4753573331873641,-0.07104158401489258,-0.018314361572265625,-0.07200245826490519,0.29346513748168945,0.06715583801269531,0.3060208306037884,-0.14716434478759766,-0.14041519165039062,-0.12196549651965498,0.33264602954277817,0.09789284687303502,0.24787083474144614,-0.003135082958138194,-0.15268663369221164,0.018371703793737895,0.06931543350219727,-0.0061054229736328125,0.11203677075188963,0.8155865669250488,0.0061054229736328125,0.76925067962758,-0.4909629821777344,0.018314361572265625,-0.4727156658842864,-0.910883903503418,0.018314361572265625,-0.870575571992967,0.31513261795043945,-0.04273414611816406,0.29609993921365524,0.5228118896484375,-0.09523773193359375,0.5052108816950798,-1.50091552734375,0.16849899291992188,-1.428230603943539,0.12894821166992188,-0.09157562255859375,0.16340926660815744,0.11149978637695312,-0.0061054229736328125,0.10620719643643135,-0.3644113540649414,0.06715583801269531,-0.3490678307530258,-0.9804873466491699,0.0061054229736328125,-0.9224795056048525,-1.1196942329406738,0.16483497619628906,-1.0572993885020652,-0.01888275146484375,0.0073261260986328125,-0.01991304351280413,1.5329599380493164,-0.16849899291992188,1.4299965505543595,0.014333486557006836,0.0030689239501953125,0.013950816566354378,0.0,0.0,1.142967195481464e-22,0.08645916730165482,0.250398188829422,-0.24150606989860535,0.14093385636806488,0.250398188829422,-0.24150606989860535,0.14093385636806488
0.4001,1786562721.0720,ramp,0,0.034898,0.11878527370642689,-0.11865946431205587,0.0835498964628348,0.012318044900894165,0.34887439012527466,0.004754554945975542,0.9370765089988708,-2.222227096557617,0.16483497619628906,-2.1175669152045833,0.14889001846313477,0.018314361572265625,0.13327188055906014,-1.550736904144287,0.1892547607421875,-1.46598608844676,0.551170825958252,-0.05494499206542969,0.545778037825142,0.4620094299316406,0.0061054229736328125,0.44731519064948644,0.2932734489440918,0.09157562255859375,0.3181409417653196,-2.2496471405029297,0.11599540710449219,-2.1329135001528163,-0.02003765106201172,-0.0061054229736328125,-0.020903908231516565,-1.5102782249450684,0.128204345703125,-1.4227686884452226,0.4714045524597168,0.0061054229736328125,0.4750405208767949,-0.07123327255249023,-0.03052520751953125,-0.07254062533984018,0.2940406799316406,0.07936477661132812,0.30473416424899863,-0.14984893798828125,-0.14041519165039062,-0.12145271069985966,0.3345492483099115,0.11653547715152782,0.2468286984674377,-0.005533221489039347,-0.1409816230741002,0.01829446818249589,0.06912374496459961,-0.04273414611816406,0.11240658744880105,0.8152031898498535,-0.018314361572265625,0.7668572591850075,-0.4909629821777344,0.018314361572265625,-0.4707281619397743,-0.9105005264282227,-0.0061054229736328125,-0.8681766460895468,0.3118729591369629,-0.09157562255859375,0.2948549807482834,0.520904541015625,-0.124542236328125,0.5030866873535825,-1.4974822998046875,0.1831493377685547,-1.4222255871763474,0.12779808044433594,-0.07936477661132812,0.163563071354415,0.11149978637695312,-0.03052520751953125,0.10491976222153145,-0.3636441230773926,0.04273414611816406,-0.34760021355577875,-0.9802956581115723,-0.0061054229736328125,-0.9198623418581593,-1.115476131439209,0.25030517578125,-1.0528540264760102,-0.01888275146484375,0.0073261260986328125,-0.01982937093952793,1.5310516357421875,-0.08058547973632812,1.4239843194581252,0.014237403869628906,0.0030689239501953125,0.013892160799794391,0.0,0.0,1.201281364663347e-22,0.09164758771657944,0.23491106927394867,-0.2728581428527832,0.13465914130210876,0.23491106927394867,-0.2728581428527832,0.13465914130210876
0.4208,1786562721.0928,ramp,0,0.038420,0.10947964790309361,-0.09713422345251664,0.06844420541093157,0.013655852526426315,0.3478401303291321,0.005059321876615286,0.9374407529830933,-2.2191591262817383,0.15262603759765625,-2.108946823898027,0.14946508407592773,0.03052520751953125,0.13267277780708978,-1.547285556793213,0.1892547607421875,-1.4593959177064901,0.5507874488830566,-0.06715583801269531,0.5451227479607447,0.46181774139404297,-0.04273414611816406,0.44440526770675776,0.29442405700683594,0.10378456115722656,0.31671080831346765,-2.2477283477783203,0.07936477661132812,-2.124224419029814,-0.019654273986816406,-0.0061054229736328125,-0.020809954617930143,-1.508169174194336,0.128204345703125,-1.4163728544618943,0.47121286392211914,0.0061054229736328125,0.4747032134188345,-0.07161664962768555,-0.018314361572265625,-0.07311360739245724,0.29480743408203125,0.06715583801269531,0.303364261177374,-0.1531081199645996,-0.15262603759765625,-0.12090675186056288,0.3365993482308337,0.083911382828712,0.24571914455899735,-0.008301004949124568,-0.09988511550242961,0.018212236063279152,0.06854867935180664,-0.0061054229736328125,0.11280032824038322,0.8148198127746582,0.0061054229736328125,0.7643090041507759,-0.4909629821777344,0.018314361572265625,-0.46861208285810885,-0.910308837890625,0.0061054229736328125,-0.8656225294364907,0.30976390838623047,-0.06715583801269531,0.29352948372303733,0.51861572265625,-0.10988998413085938,0.5008250751319585,-1.4929046630859375,0.1831493377685547,-1.4158320952785366,0.12588071823120117,-0.07936477661132812,0.16372682600109895,0.11092472076416016,-0.04273414611816406,0.10354904161557116,-0.3626856803894043,0.04273414611816406,-0.34603765361240757,-0.9802956581115723,0.0061054229736328125,-0.9170758691706645,-1.110682487487793,0.21367454528808594,-1.0481210861365764,-0.01888275146484375,0.0073261260986328125,-0.019740285439844886,1.529144287109375,-0.15384674072265625,1.4175831465235964,0.014237403869628906,0.0030689239501953125,0.013829710488196588,0.0,0.0,1.263367980345901e-22,0.09720364212989807,0.19038361310958862,-0.21198952198028564,0.14883938431739807,0.19038361310958862,-0.21198952198028564,0.14883938431739807
0.4402,1786562721.1120,ramp,0,0.041209,0.10492418602283698,-0.14799251092121896,0.03120424600889082,0.01477789506316185,0.34684351086616516,0.005156160332262516,0.9377924203872681,-2.216475009918213,0.15262603759765625,-2.1008628499701287,0.1500406265258789,0.03052520751953125,0.1321109356113607,-1.5438337326049805,0.20146560668945312,-1.4532156156017755,0.5507874488830566,-0.04273414611816406,0.5445082131500779,0.4602837562561035,-0.09157562255859375,0.44167632431571496,0.2953829765319824,0.06715583801269531,0.3153696204852839,-2.246194839477539,0.11599540710449219,-2.116075746033471,-0.01927042007446289,-0.0061054229736328125,-0.020721844349064798,-1.5054845809936523,0.14041519165039062,-1.4103748025469371,0.47121286392211914,0.0061054229736328125,0.47438688443821636,-0.0718083381652832,-0.03052520751953125,-0.07365095343785086,0.2953829765319824,0.05494499206542969,0.3020795577652025,-0.1554093360900879,-0.11599540710449219,-0.12039474834857872,0.3381367459066895,0.09322566482999842,0.24467859817167456,-0.010238651796555092,-0.09990472698259108,0.01813511828295143,0.06835699081420898,-0.018314361572265625,0.11316958074366927,0.8146281242370605,-0.0061054229736328125,0.7619192351186664,-0.4909629821777344,0.018314361572265625,-0.46662761105645356,-0.9091582298278809,0.03052520751953125,-0.8632272633426834,0.30842161178588867,-0.04273414611816406,0.29228642457058424,0.5167083740234375,-0.10988998413085938,0.498704121468658,-1.489471435546875,0.22710609436035156,-1.4098362397855884,0.12434673309326172,-0.09157562255859375,0.16388039610230634,0.10958242416381836,-0.07936477661132812,0.1022635715147396,-0.36076831817626953,0.05494499206542969,-0.34457227541700686,-0.9802956581115723,-0.0061054229736328125,-0.9144626981779889,-1.1072306632995605,0.128204345703125,-1.0436825059701247,-0.01850128173828125,0.021978378295898438,-0.019656740517734396,1.526092529296875,-0.15384674072265625,1.4115800877078108,0.014141559600830078,0.0030689239501953125,0.0137711442070759,0.0,0.0,1.321593185230618e-22,0.10123040527105331,0.16433808207511902,-0.2695767879486084,0.07891269028186798,0.16433808207511902,-0.2695767879486084,0.07891269028186798
0.4609,1786562721.1327,ramp,0,0.043654,0.115065877960887,-0.14418811872501353,0.046574592855309876,0.015866953879594803,0.34555062651634216,0.004997404757887125,0.9382526874542236,-2.212639808654785,0.1770458221435547,-2.092225044298406,0.1513824462890625,0.06715583801269531,0.13151060169784648,-1.539806842803955,0.1892547607421875,-1.44661190200136,0.5509791374206543,-0.03052520751953125,0.5438515766591153,0.45836639404296875,-0.06715583801269531,0.438760421455166,0.2963414192199707,0.07936477661132812,0.3139365480963252,-2.243893623352051,0.09157562255859375,-2.107368808770608,-0.017928600311279297,0.03052520751953125,-0.020627697659957405,-1.5010747909545898,0.25030517578125,-1.4039658250672462,0.47121286392211914,0.0061054229736328125,0.474048883810396,-0.0718083381652832,-0.04273414611816406,-0.07422511297373965,0.29614973068237305,0.04273414611816406,0.3007068395304442,-0.15790176391601562,-0.128204345703125,-0.11984766755895664,0.33989395350609836,0.0792521370148356,0.2435667641199726,-0.012453538140589256,-0.09403346281477964,0.018052717175990076,0.06835699081420898,-0.0061054229736328125,0.1135641306761196,0.8144364356994629,-0.0061054229736328125,0.7593657433974196,-0.4907712936401367,0.0061054229736328125,-0.4645071834132425,-0.9081997871398926,0.05494499206542969,-0.8606678979569327,0.30727148056030273,-0.05494499206542969,0.2909582036370293,0.514801025390625,-0.09523773193359375,0.49643786161357684,-1.4852752685546875,0.1978015899658203,-1.4034296092044225,0.12262105941772461,-0.07936477661132812,0.16404448726626208,0.10824012756347656,-0.03052520751953125,0.10089003406560527,-0.35846710205078125,0.07936477661132812,-0.34300650439889774,-0.9802956581115723,0.0061054229736328125,-0.9116704992640589,-1.1041626930236816,0.1770458221435547,-1.0389398393957237,-0.01850128173828125,0.0073261260986328125,-0.019567471946548235,1.5241851806640625,-0.08058547973632812,1.4051657603053271,0.01404571533203125,0.0030689239501953125,0.013708565559526063,0.0,0.0,1.3838073894668302e-22,0.10511632263660431,0.17556624114513397,-0.25361132621765137,0.10409285873174667,0.17556624114513397,-0.25361132621765137,0.10409285873174667
0.4806,1786562721.1525,ramp,0,0.046154,0.10413327711335388,-0.16987672092856565,0.044218693975998535,0.016946136951446533,0.3442365229129791,0.004936649464070797,0.9387170672416687,-2.2095723152160645,0.1770458221435547,-2.083989963425701,0.15291643142700195,0.05494499206542969,0.13093825745715573,-1.5363554954528809,0.21367454528808594,-1.4403160766926675,0.5509791374206543,-0.0061054229736328125,0.543225554864628,0.45606517791748047,-0.10378456115722656,0.4359804682140114,0.29691648483276367,0.04273414611816406,0.31257029056888996,-2.241976737976074,0.128204345703125,-2.099067819464033,-0.01696920394897461,0.04273414611816406,-0.020537940419732045,-1.4968562126159668,0.23809432983398438,-1.3978556565982596,0.47121286392211914,0.018314361572265625,0.4737266419574404,-0.07238340377807617,-0.05494499206542969,-0.07477250317810108,0.29653310775756836,0.04273414611816406,0.2993981222348378,-0.16058635711669922,-0.15262603759765625,-0.11932609359472755,0.3413582152518096,0.06990965535348646,0.24250676767171195,-0.014299326283580197,-0.0705373393718877,0.01797415789767145,0.06816530227661133,-0.018314361572265625,0.11394028530676671,0.8138608932495117,-0.018314361572265625,0.7569313044170327,-0.4907712936401367,0.0061054229736328125,-0.4624856175445259,-0.9072408676147461,0.04273414611816406,-0.8582278591628838,0.3055458068847656,-0.07936477661132812,0.28969190902236214,0.5128936767578125,-0.09523773193359375,0.4942772627422393,-1.4806976318359375,0.21245384216308594,-1.397321678213319,0.12108707427978516,-0.10378456115722656,0.16420092792457594,0.1076650619506836,-0.04273414611816406,0.09958053575027064,-0.3565492630004883,0.09157562255859375,-0.3415137351178666,-0.9802956581115723,0.0061054229736328125,-0.9090084824576186,-1.100327968597412,0.1892547607421875,-1.0344182925727474,-0.01811981201171875,0.021978378295898438,-0.019482365389275776,1.5218963623046875,-0.13919448852539062,1.3990504913457138,0.01404571533203125,0.0030689239501953125,0.013648904548030468,0.0,0.0,1.443120949274429e-22,0.10884958505630493,0.13965103030204773,-0.26487448811531067,0.13810397684574127,0.13965103030204773,-0.26487448811531067,0.13810397684574127
0.5007,1786562721.1726,ramp,0,0.048498,0.08282356920978612,-0.17217356421070448,0.033145623864531334,0.017938049510121346,0.3427908420562744,0.004963031969964504,0.9392274022102356,-2.2059292793273926,0.1892547607421875,-2.0756187157205144,0.1540670394897461,0.05494499206542969,0.1303564495204128,-1.532137393951416,0.22588539123535156,-1.4339161500881417,0.5509791374206543,-0.0061054229736328125,0.5425891818172339,0.4537639617919922,-0.09157562255859375,0.4331545485235715,0.29749202728271484,0.03052520751953125,0.31118144201135556,-2.2392921447753906,0.14041519165039062,-2.0906295735308618,-0.016202449798583984,0.04273414611816406,-0.020446699046043685,-1.4930214881896973,0.1770458221435547,-1.3916444566641046,0.47121286392211914,0.0061054229736328125,0.4733990718444364,-0.07430076599121094,-0.018314361572265625,-0.0753289444642201,0.29691648483276367,0.03052520751953125,0.2980677653352602,-0.16346263885498047,-0.14041519165039062,-0.11879589541955121,0.3426760755976731,0.051275322623135194,0.24142924421175188,-0.01596066810928488,-0.05877786640370961,0.01789429964387753,0.06816530227661133,-0.018314361572265625,0.11432265964373732,0.8129024505615234,-0.04273414611816406,0.754456612056023,-0.4907712936401367,0.018314361572265625,-0.4604306251405693,-0.9057068824768066,0.06715583801269531,-0.8557474743954495,0.3038201332092285,-0.06715583801269531,0.2884046762615695,0.5113677978515625,-0.10988998413085938,0.49208093842884226,-1.4761199951171875,0.2417583465576172,-1.391112752753682,0.11936140060424805,-0.07936477661132812,0.1643599553248105,0.10689735412597656,-0.05494499206542969,0.09824938491682533,-0.3546319007873535,0.11599540710449219,-0.33999628293842,-0.9802956581115723,-0.0061054229736328125,-0.906302449277551,-1.096876621246338,0.1770458221435547,-1.0298219820991985,-0.01811981201171875,0.021978378295898438,-0.019395851597453193,1.51922607421875,-0.13919448852539062,1.3928341065844618,0.013949871063232422,0.0030689239501953125,0.013588257043374264,0.0,0.0,1.5034152571386708e-22,0.11234194040298462,0.10721564292907715,-0.24359293282032013,0.1266385167837143,0.10721564292907715,-0.24359293282032013,0.1266385167837143
0.5210,1786562721.1929,ramp,0,0.050268,0.07377622009792009,-0.2066148450738838,0.024395776894156975,0.018751392140984535,0.34111830592155457,0.004867703188210726,0.9398207068443298,-2.2015185356140137,0.22588539123535156,-2.067156987770356,0.1554093360900879,0.05494499206542969,0.12976835313940244,-1.527918815612793,0.22588539123535156,-1.4274470501718974,0.5509791374206543,-0.0061054229736328125,0.541945930561089,0.4514632225036621,-0.09157562255859375,0.43029808501041034,0.2980670928955078,0.03052520751953125,0.309777582148202,-2.2356491088867188,0.1770458221435547,-2.0821001232054592,-0.0152435302734375,0.03052520751953125,-0.020354471494173323,-1.490145206451416,0.128204345703125,-1.3853661232617491,0.47121286392211914,0.0061054229736328125,0.4730679612049644,-0.07525968551635742,-0.018314361572265625,-0.07589140002033253,0.2973003387451172,0.018314361572265625,0.29672302933445255,-0.1659550666809082,-0.11599540710449219,-0.1182599666218365,0.34377403302263954,0.05125377677485417,0.2403400743891403,-0.017160786654179323,-0.04703097505984909,0.017813578245828323,0.06797361373901367,-0.03052520751953125,0.11470916685610456,0.8117518424987793,-0.06715583801269531,0.7519551720966933,-0.4907712936401367,0.018314361572265625,-0.4583534214459337,-0.9035978317260742,0.10378456115722656,-0.8532402805035828,0.3020944595336914,-0.07936477661132812,0.28710353050481324,0.5090789794921875,-0.10988998413085938,0.48986087524533733,-1.4715423583984375,0.22710609436035156,-1.384836718409397,0.11744403839111328,-0.11599540710449219,0.1645207015653706,0.10593891143798828,-0.06715583801269531,0.09690384640095243,-0.3521394729614258,0.11599540710449219,-0.3384624294470346,-0.9804873466491699,0.0061054229736328125,-0.9035671680625834,-1.0936169624328613,0.15262603759765625,-1.0251759926157507,-0.01811981201171875,0.0073261260986328125,-0.019308402725299302,1.5173187255859375,-0.13919448852539062,1.3865505323150447,0.013854026794433594,0.0030689239501953125,0.013526954032959358,0.0,0.0,1.5643612532503648e-22,0.11481479555368423,0.07893860340118408,-0.2742273807525635,0.10158125311136246,0.07893860340118408,-0.2742273807525635,0.10158125311136246
0.5407,1786562721.2129,ramp,0,0.051753,0.06225361255563673,-0.21713900855636123,0.03747738437441052,0.01943272165954113,0.3392893970012665,0.004836954176425934,0.9404688477516174,-2.197300434112549,0.21367454528808594,-2.058942449708424,0.15636777877807617,0.03052520751953125,0.1291974366393271,-1.5238924026489258,0.21367454528808594,-1.421166930106417,0.5509791374206543,-0.0061054229736328125,0.5413214704084921,0.44916200637817383,-0.10378456115722656,0.42752506649816396,0.2990264892578125,0.06715583801269531,0.3084147328167866,-2.232389450073242,0.21367454528808594,-2.073819841121459,-0.014668464660644531,0.0061054229736328125,-0.0202649381577602,-1.4876527786254883,0.14041519165039062,-1.3792711969059352,0.47121286392211914,0.018314361572265625,0.4727465232000233,-0.07545137405395508,-0.018314361572265625,-0.07643742473313886,0.29749202728271484,0.018314361572265625,0.29541757669795204,-0.16825580596923828,-0.128204345703125,-0.11773969374929272,0.3447250590394679,0.046587532188159385,0.23928272215370436,-0.01799168520728863,-0.0411527285354778,0.01773521493745995,0.06758975982666016,-0.0061054229736328125,0.11508438315068453,0.8096427917480469,-0.07936477661132812,0.7495268059430442,-0.4903874397277832,0.04273414611816406,-0.45633689847184655,-0.9011049270629883,0.09157562255859375,-0.8508063285052802,0.30017662048339844,-0.09157562255859375,0.2858403947238059,0.5067901611328125,-0.10988998413085938,0.4877056660932334,-1.466963768005371,0.21245384216308594,-1.3787440239499689,0.11552667617797852,-0.10378456115722656,0.1646767519748344,0.10459661483764648,-0.06715583801269531,0.09559761469301545,-0.3498382568359375,0.128204345703125,-0.33697338395176113,-0.9804873466491699,0.0061054229736328125,-0.9009117917868646,-1.090165615081787,0.16483497619628906,-1.0206657250117912,-0.01773834228515625,0.0073261260986328125,-0.019223508470483687,1.5135040283203125,-0.1978015899658203,1.3804505181920268,0.013854026794433594,0.0030689239501953125,0.013467441848765962,0.0,0.0,1.6235268524909422e-22,0.1166529580950737,0.06568843871355057,-0.2779425382614136,0.1322029083967209,0.06568843871355057,-0.2779425382614136,0.1322029083967209
0.5607,1786562721.2325,ramp,0,0.053163,0.057261991467852366,-0.254210676983455,0.036158095982277295,0.02005637437105179,0.3373015522956848,0.004904709756374359,0.9411702156066895,-2.192890167236328,0.22588539123535156,-2.05060776502987,0.157135009765625,0.03052520751953125,0.12861816986010757,-1.519674301147461,0.23809432983398438,-1.4147949564062998,0.5509791374206543,-0.0061054229736328125,0.5406878768421861,0.4470529556274414,-0.09157562255859375,0.42471148955286087,0.2997932434082031,0.06715583801269531,0.3070319503211566,-2.2287464141845703,0.22588539123535156,-2.065418450842505,-0.014284610748291016,0.018314361572265625,-0.02017409529823527,-1.4845848083496094,0.1770458221435547,-1.3730871255763333,0.4714045524597168,0.0061054229736328125,0.47242038381218565,-0.07602643966674805,-0.03052520751953125,-0.07699143565543637,0.2976837158203125,0.03052520751953125,0.29409303038676726,-0.17094039916992188,-0.11599540710449219,-0.11721181131612786,0.3455299563694734,0.04192329588728753,0.23820990498369665,-0.018822479192172253,-0.035275219246730834,0.01765570547987456,0.0673980712890625,-0.0061054229736328125,0.11546508739455091,0.8073420524597168,-0.07936477661132812,0.7470629222745842,-0.4896206855773926,0.05494499206542969,-0.45429088164054543,-0.8984208106994629,0.11599540710449219,-0.8483367772930701,0.2980670928955078,-0.07936477661132812,0.2845587841984759,0.5048828125,-0.124542236328125,0.4855189346466577,-1.4604787826538086,0.3296699523925781,-1.3725622171606817,0.1138010025024414,-0.128204345703125,0.16483508479246015,0.1036376953125,-0.04273414611816406,0.09427227791562115,-0.34734582901000977,0.09157562255859375,-0.33546255953515275,-0.9804873466491699,0.0061054229736328125,-0.8982175777246529,-1.0861387252807617,0.23809432983398438,-1.0160894898039823,-0.01773834228515625,0.0073261260986328125,-0.019137372544205864,1.51007080078125,-0.22710609436035156,1.374261284681053,0.013758182525634766,0.0030689239501953125,0.013407059233694441,0.0,0.0,1.68355781342509e-22,0.11851852387189865,0.049210093915462494,-0.30827248096466064,0.12317027151584625,0.049210093915462494,-0.30827248096466064,0.12317027151584625
0.5810,1786562721.2529,ramp,0,0.054515,0.06390104400595974,-0.28560112372562363,0.032910183779411524,0.020681101828813553,0.3350798785686493,0.0049353004433214664,0.9419498443603516,-2.187713146209717,0.27472496032714844,-2.0421655923315094,0.15828514099121094,0.05494499206542969,0.12803143258362998,-1.5146889686584473,0.2625160217285156,-1.408340806731722,0.5509791374206543,-0.018314361572265625,0.5400461121547843,0.444943904876709,-0.07936477661132812,0.421861627393889,0.3007521629333496,0.06715583801269531,0.3056313348110803,-2.2245283126831055,0.25030517578125,-2.056908712276898,-0.01351785659790039,0.018314361572265625,-0.020082080886400868,-1.480557918548584,0.21367454528808594,-1.3668233015497555,0.4714045524597168,0.0061054229736328125,0.4720900383771691,-0.07660198211669922,-0.03052520751953125,-0.07755259136356388,0.2980670928955078,0.03052520751953125,0.29275140210240397,-0.17324113845825195,-0.11599540710449219,-0.1166771210624371,0.34633498620895276,0.037280221332441535,0.23712325225809616,-0.019653034106952443,-0.04114558628808072,0.017575170630869906,0.0673980712890625,-0.0061054229736328125,0.11585070137968329,0.8048491477966309,-0.07936477661132812,0.7445672632016823,-0.48885345458984375,0.06715583801269531,-0.45221847841237767,-0.8957362174987793,0.11599540710449219,-0.8458353775851042,0.2963414192199707,-0.06715583801269531,0.2832606454200874,0.502593994140625,-0.10988998413085938,0.48330400208125074,-1.4551382064819336,0.27106285095214844,-1.3663006868789975,0.11169147491455078,-0.11599540710449219,0.16499545954468736,0.10287094116210938,-0.04273414611816406,0.09292984897082365,-0.345428466796875,0.07936477661132812,-0.3339322508151689,-0.9804873466491699,0.0061054229736328125,-0.8954886178087408,-1.0817289352416992,0.23809432983398438,-1.0114542373112219,-0.01735687255859375,0.021978378295898438,-0.019050125768447005,1.5043487548828125,-0.28571510314941406,1.3679922318991802,0.013662338256835938,0.0030689239501953125,0.013345897895974726,0.0,0.0,1.7443629619100272e-22,0.1201077252626419,0.05467306077480316,-0.33664289116859436,0.11656645685434341,0.05467306077480316,-0.33664289116859436,0.11656645685434341
0.6007,1786562721.2727,ramp,0,0.055969,0.07938836604207132,-0.3145399975263198,0.03785983511289191,0.021384693682193756,0.3324470818042755,0.004911941941827536,0.9428666234016418,-2.182344436645508,0.27472496032714844,-2.0339333128080286,0.15943574905395508,0.06715583801269531,0.12745928303879214,-1.5097031593322754,0.27472496032714844,-1.4020471230905633,0.5507874488830566,-0.03052520751953125,0.5394203033157852,0.4426431655883789,-0.128204345703125,0.41908261981677514,0.3013272285461426,0.06715583801269531,0.30426554204707884,-2.2201175689697266,0.2991447448730469,-2.0486105467397935,-0.012942790985107422,0.03052520751953125,-0.01999235417913313,-1.4765310287475586,0.22588539123535156,-1.3607152115929249,0.4714045524597168,0.0061054229736328125,0.4717679061420763,-0.07717704772949219,-0.018314361572265625,-0.07809979536075286,0.298642635345459,0.05494499206542969,0.29144312999661864,-0.17535066604614258,-0.10378456115722656,-0.11615572452340185,0.34714030413550995,0.04660050494649568,0.23606361639162862,-0.020668484469700696,-0.05289938204135566,0.017496638076268597,0.06720638275146484,-0.03052520751953125,0.11622672805281559,0.8025484085083008,-0.09157562255859375,0.742133652350837,-0.4877033233642578,0.07936477661132812,-0.4501976002250652,-0.8934354782104492,0.09157562255859375,-0.8433961688255005,0.29480743408203125,-0.06715583801269531,0.2819947815642059,0.501068115234375,-0.10988998413085938,0.4811441381865412,-1.449416160583496,0.3150177001953125,-1.3601948336389214,0.10977363586425781,-0.10378456115722656,0.16515184698616905,0.1022958755493164,-0.04273414611816406,0.09162079611099164,-0.34351110458374023,0.09157562255859375,-0.3324399893334091,-0.9804873466491699,0.0061054229736328125,-0.8928275065475927,-1.0775103569030762,0.22588539123535156,-1.0069342285947775,-0.01735687255859375,0.021978378295898438,-0.018965048162097056,1.49786376953125,-0.3003654479980469,1.3618790431867702,0.013662338256835938,0.0030689239501953125,0.013286257179523081,0.0,0.0,1.803656344867234e-22,0.12170574069023132,0.07449289411306381,-0.3790997564792633,0.10048564523458481,0.07449289411306381,-0.3790997564792633,0.10048564523458481
0.6209,1786562721.2929,ramp,0,0.057489,0.06503098164458833,-0.3535460530111926,0.0259344806317883,0.022132378071546555,0.3294695019721985,0.00488745654001832,0.9438940286636353,-2.1752500534057617,0.3235645294189453,-2.02551664489362,0.1611614227294922,0.06715583801269531,0.12687431836375354,-1.5043344497680664,0.2991447448730469,-1.3956124721515508,0.5498285293579102,-0.03052520751953125,0.5387804774740199,0.43976688385009766,-0.128204345703125,0.41624136742228623,0.3017106056213379,0.018314361572265625,0.3028691579590856,-2.2143659591674805,0.3113555908203125,-2.0401265170824687,-0.011983871459960938,0.03052520751953125,-0.019900617753520776,-1.4717378616333008,0.21367454528808594,-1.3544703113060306,0.4714045524597168,0.0061054229736328125,0.47143855871897566,-0.0775604248046875,-0.018314361572265625,-0.07865925575232967,0.2997932434082031,0.04273414611816406,0.29010555492708034,-0.17688465118408203,-0.07936477661132812,-0.115622649631051,0.348091398273512,0.03261437171915484,0.23498024657008465,-0.021683767203194967,-0.035265632190030816,0.017416346532393774,0.06663131713867188,-0.05494499206542969,0.11661117705332476,0.7994804382324219,-0.1770458221435547,0.7396455329537682,-0.48655271530151367,0.10378456115722656,-0.44813145796767884,-0.8905587196350098,0.14041519165039062,-0.8409023261364929,0.2928900718688965,-0.09157562255859375,0.2807005646137952,0.4991607666015625,-0.10988998413085938,0.4789358971895928,-1.4436941146850586,0.27106285095214844,-1.3539522201672511,0.10862350463867188,-0.07936477661132812,0.16531173722764844,0.10172033309936523,-0.03052520751953125,0.09028242279990736,-0.34159326553344727,0.07936477661132812,-0.33091430385375425,-0.9804873466491699,0.0061054229736328125,-0.8901067911364492,-1.0734834671020508,0.16483497619628906,-1.0023129797380024,-0.01735687255859375,0.0073261260986328125,-0.018878064968978082,1.4913787841796875,-0.3150177001953125,1.3556289299412585,0.01356649398803711,0.0030689239501953125,0.013225280617306129,0.0,0.0,1.8642777939384418e-22,0.12300969660282135,0.036253876984119415,-0.3981061577796936,0.07673238217830658,0.036253876984119415,-0.3981061577796936,0.07673238217830658
0.6411,1786562721.3133,ramp,0,0.058880,0.07035451582798063,-0.409449166532832,0.0317230818041033,0.02286488190293312,0.32606545090675354,0.004806763492524624,0.9450584053993225,-2.168346881866455,0.372406005859375,-2.017111742229082,0.1628870964050293,0.07936477661132812,0.1262901713823244,-1.4987735748291016,0.28693580627441406,-1.3891868158974776,0.5492534637451172,-0.03052520751953125,0.5381415460136154,0.4365072250366211,-0.14041519165039062,0.41340408667604406,0.30190229415893555,0.018314361572265625,0.3014747258083526,-2.207463264465332,0.3601951599121094,-2.031654346836712,-0.011408805847167969,0.018314361572265625,-0.019809009561786783,-1.4684782028198242,0.1892547607421875,-1.3482341404608869,0.4714045524597168,0.0061054229736328125,0.47110967167458623,-0.07794427871704102,-0.018314361572265625,-0.0792179341014918,0.30017662048339844,0.03052520751953125,0.2887698495885417,-0.17822694778442383,-0.05494499206542969,-0.11509031989811143,0.34860377113781804,0.032613112509440975,0.2338983911384135,-0.022329866549808234,-0.0352647673885729,0.01733616722415493,0.06586408615112305,-0.04273414611816406,0.11699508865131321,0.7956457138061523,-0.1892547607421875,0.7371608915775398,-0.48482704162597656,0.10378456115722656,-0.4460682038698554,-0.8878746032714844,0.14041519165039062,-0.8384119694686365,0.2905893325805664,-0.05494499206542969,0.27940815678618264,0.4968719482421875,-0.10988998413085938,0.4767307429851097,-1.436446189880371,0.40293121337890625,-1.3477183329407039,0.10689735412597656,-0.10378456115722656,0.16547140396635196,0.10133695602416992,-0.018314361572265625,0.08894592033564566,-0.33986759185791016,0.09157562255859375,-0.3293907510554733,-0.9804873466491699,0.05494499206542969,-0.8873898788807779,-1.0696487426757812,0.22588539123535156,-0.9976981906997758,-0.01735687255859375,0.0073261260986328125,-0.01879120336542543,1.4860382080078125,-0.28571510314941406,1.3493875534244375,0.01356649398803711,-0.0030689239501953125,0.013164389291253655,0.0,0.0,1.924814503240531e-22,0.12378980219364166,0.033201854676008224,-0.45433494448661804,0.05726674571633339,0.033201854676008224,-0.45433494448661804,0.05726674571633339
0.6609,1786562721.3327,ramp,0,0.060076,0.04970422741626251,-0.4450879877144359,0.03713515152957852,0.02350468747317791,0.3223269581794739,0.0048044766299426556,0.946324348449707,-2.1616358757019043,0.39682579040527344,-2.0088617350006803,0.16442108154296875,0.05494499206542969,0.12571678974881995,-1.4920625686645508,0.3235645294189453,-1.38287957919776,0.5482945442199707,-0.04273414611816406,0.5375143895339776,0.43324756622314453,-0.14041519165039062,0.4106190946779495,0.3024778366088867,0.018314361572265625,0.30010599189408604,-2.200368881225586,0.4212455749511719,-2.0233383117132306,-0.011024951934814453,0.018314361572265625,-0.019719089633603085,-1.465601921081543,0.15262603759765625,-1.3421128971100207,0.4714045524597168,0.0061054229736328125,0.4707868457476438,-0.07832765579223633,-0.03052520751953125,-0.07976631646865302,0.30056047439575195,0.04273414611816406,0.28745876019967204,-0.1791858673095703,-0.04273414611816406,-0.11456780056386928,0.3488966263105665,0.023291330858038972,0.23283647341162883,-0.02269915784248572,-0.023510326853106816,0.017257465554553254,0.06471395492553711,-0.05494499206542969,0.11737192507463494,0.7912349700927734,-0.20146560668945312,0.7347220400962067,-0.48310136795043945,0.128204345703125,-0.44404297384632513,-0.8844232559204102,0.16483497619628906,-0.8359675080237945,0.28905534744262695,-0.05494499206542969,0.27813956697076064,0.4945831298828125,-0.124542236328125,0.47456622795705555,-1.428816795349121,0.373626708984375,-1.3415993311232233,0.1049799919128418,-0.128204345703125,0.16562812817851885,0.10095357894897461,-0.018314361572265625,0.0876340485114237,-0.3387174606323242,0.10378456115722656,-0.32789527608088465,-0.9793367385864258,0.06715583801269531,-0.8847230370810757,-1.0648550987243652,0.25030517578125,-0.99316844842405,-0.01697540283203125,0.0073261260986328125,-0.018705942549710874,1.480316162109375,-0.3003654479980469,1.3432612003381372,0.01347041130065918,0.0030689239501953125,0.013104620142206945,0.0,0.0,1.984235570831601e-22,0.12399818003177643,0.0002807691926136613,-0.4750782549381256,0.062087323516607285,0.0002807691926136613,-0.4750782549381256,0.062087323516607285
0.6809,1786562721.3527,ramp,0,0.061276,0.057878663063017026,-0.4615495523339473,0.044779297707838624,0.02414163015782833,0.3180858790874481,0.004882119130343199,0.9477418661117554,-2.153390884399414,0.4334545135498047,-2.0005207410333696,0.1655716896057129,0.05494499206542969,0.12513708446934294,-1.4863104820251465,0.33577537536621094,-1.3765027819651907,0.5475277900695801,-0.04273414611816406,0.5368803163424766,0.4303712844848633,-0.128204345703125,0.40780338787770015,0.3024778366088867,0.04273414611816406,0.298722162643313,-2.1921234130859375,0.4456653594970703,-2.0149305616499196,-0.010449886322021484,0.0061054229736328125,-0.01962817800676969,-1.462533950805664,0.20146560668945312,-1.3359241444885384,0.4714045524597168,0.0061054229736328125,0.47046045947493265,-0.0789027214050293,-0.04273414611816406,-0.08032074677272898,0.3011355400085449,0.04273414611816406,0.2861332112176639,-0.18033599853515625,-0.05494499206542969,-0.11403951852798049,0.3491,-0.0046246325008679565,0.23176284412771755,-0.023252083305010114,-0.011746115495660622,0.017177895908952825,0.06375503540039062,-0.06715583801269531,0.1177529175085287,0.7866330146789551,-0.22588539123535156,0.7322562912877769,-0.4806084632873535,0.1770458221435547,-0.4419954081968638,-0.8805880546569824,0.16483497619628906,-0.8334960873813302,0.28771305084228516,-0.06715583801269531,0.27685698627664923,0.4930572509765625,-0.10988998413085938,0.47237784117249615,-1.4208059310913086,0.40293121337890625,-1.3354128447562947,0.10267925262451172,-0.11599540710449219,0.16578658085280443,0.1005702018737793,-0.03052520751953125,0.0863077084648295,-0.3379502296447754,0.05494499206542969,-0.32638330798243675,-0.9770359992980957,0.10378456115722656,-0.882026783520653,-1.0604448318481445,0.23809432983398438,-0.9885887490432748,-0.01697540283203125,0.0073261260986328125,-0.018619741419234913,1.472686767578125,-0.41758155822753906,1.337067281627553,0.013374567031860352,0.0030689239501953125,0.013044191817985159,0.0,0.0,2.044311974716683e-22,0.1242627501487732,0.0012945544440299273,-0.4635077118873596,0.0832802951335907,0.0012945544440299273,-0.4635077118873596,0.0832802951335907
